Timestamp,URI,Method,Pricing,Elapsed Time,Identifier
2024-09-06 15:33:51, /api/v1/auth/signin, POST, null,4493.0,/api/v1/auth/signin_POST_null
2024-09-06 15:34:01, /api/v1/pets/types, GET, BASIC,528.0,/api/v1/pets/types_GET_BASIC
2024-09-06 15:33:51, /api/v1/auth/signin, POST, null,4494.0,/api/v1/auth/signin_POST_null
2024-09-06 15:33:46, /api/v1/auth/signup, POST, null,4216.0,/api/v1/auth/signup_POST_null
2024-09-06 15:34:06, /api/v1/pets, POST, BASIC,1421.0,/api/v1/pets_POST_BASIC
2024-09-06 15:33:46, /api/v1/auth/signup, POST, null,3856.0,/api/v1/auth/signup_POST_null
2024-09-06 15:33:51, /api/v1/auth/signin, POST, null,2913.0,/api/v1/auth/signin_POST_null
2024-09-06 15:33:51, /api/v1/auth/signin, POST, null,6244.0,/api/v1/auth/signin_POST_null
2024-09-06 15:33:41, /api/v1/clinics, GET, null,657.0,/api/v1/clinics_GET_null
2024-09-06 15:33:46, /api/v1/auth/signup, POST, null,3617.0,/api/v1/auth/signup_POST_null
2024-09-06 15:34:01, /api/v1/pets/types, GET, BASIC,970.0,/api/v1/pets/types_GET_BASIC
2024-09-06 15:33:51, /api/v1/auth/signin, POST, null,2965.0,/api/v1/auth/signin_POST_null
2024-09-06 15:33:51, /api/v1/auth/signin, POST, null,4412.0,/api/v1/auth/signin_POST_null
2024-09-06 15:33:41, /api/v1/clinics, GET, null,652.0,/api/v1/clinics_GET_null
2024-09-06 15:33:51, /api/v1/auth/signup, POST, null,9068.0,/api/v1/auth/signup_POST_null
2024-09-06 15:34:01, /api/v1/visits, GET, BASIC,946.0,/api/v1/visits_GET_BASIC
2024-09-06 15:33:51, /api/v1/auth/signin, POST, null,6260.0,/api/v1/auth/signin_POST_null
2024-09-06 15:34:01, /api/v1/pets/types, GET, BASIC,1104.0,/api/v1/pets/types_GET_BASIC
2024-09-06 15:34:06, /api/v1/pets, GET, BASIC,1381.0,/api/v1/pets_GET_BASIC
2024-09-06 15:34:01, /api/v1/pets/types, GET, BASIC,917.0,/api/v1/pets/types_GET_BASIC
2024-09-06 15:33:46, /api/v1/auth/signup, POST, null,3786.0,/api/v1/auth/signup_POST_null
2024-09-06 15:34:06, /api/v1/pets/types, GET, BASIC,719.0,/api/v1/pets/types_GET_BASIC
2024-09-06 15:33:41, /api/v1/clinics, GET, null,656.0,/api/v1/clinics_GET_null
2024-09-06 15:33:46, /api/v1/auth/signup, POST, null,4214.0,/api/v1/auth/signup_POST_null
2024-09-06 15:33:41, /api/v1/clinics, GET, null,666.0,/api/v1/clinics_GET_null
2024-09-06 15:33:51, /api/v1/auth/signin, POST, null,3525.0,/api/v1/auth/signin_POST_null
2024-09-06 15:33:41, /api/v1/clinics, GET, null,654.0,/api/v1/clinics_GET_null
2024-09-06 15:33:46, /api/v1/auth/signup, POST, null,4159.0,/api/v1/auth/signup_POST_null
2024-09-06 15:33:41, /api/v1/clinics, GET, null,664.0,/api/v1/clinics_GET_null
2024-09-06 15:33:41, /api/v1/clinics, GET, null,658.0,/api/v1/clinics_GET_null
2024-09-06 15:33:51, /api/v1/auth/signup, POST, null,8746.0,/api/v1/auth/signup_POST_null
2024-09-06 15:33:41, /api/v1/clinics, GET, null,639.0,/api/v1/clinics_GET_null
2024-09-06 15:33:46, /api/v1/auth/signup, POST, null,4089.0,/api/v1/auth/signup_POST_null
2024-09-06 15:33:46, /api/v1/auth/signup, POST, null,4253.0,/api/v1/auth/signup_POST_null
2024-09-06 15:33:51, /api/v1/auth/signup, POST, null,9125.0,/api/v1/auth/signup_POST_null
2024-09-06 15:33:46, /api/v1/auth/signup, POST, null,3646.0,/api/v1/auth/signup_POST_null
2024-09-06 15:33:46, /api/v1/auth/signup, POST, null,4093.0,/api/v1/auth/signup_POST_null
2024-09-06 15:34:06, /api/v1/pets, POST, BASIC,1120.0,/api/v1/pets_POST_BASIC
2024-09-06 15:33:56, /api/v1/pets, GET, BASIC,897.0,/api/v1/pets_GET_BASIC
2024-09-06 15:33:56, /api/v1/pets, GET, BASIC,888.0,/api/v1/pets_GET_BASIC
2024-09-06 15:33:46, /api/v1/auth/signup, POST, null,3708.0,/api/v1/auth/signup_POST_null
2024-09-06 15:33:56, /api/v1/pets, GET, BASIC,891.0,/api/v1/pets_GET_BASIC
2024-09-06 15:34:01, /api/v1/visits, GET, BASIC,734.0,/api/v1/visits_GET_BASIC
2024-09-06 15:33:41, /api/v1/clinics, GET, null,659.0,/api/v1/clinics_GET_null
2024-09-06 15:33:51, /api/v1/auth/signup, POST, null,8893.0,/api/v1/auth/signup_POST_null
2024-09-06 15:34:01, /api/v1/pets/types, GET, BASIC,349.0,/api/v1/pets/types_GET_BASIC
2024-09-06 15:33:46, /api/v1/auth/signin, POST, null,952.0,/api/v1/auth/signin_POST_null
2024-09-06 15:34:01, /api/v1/visits, GET, BASIC,1133.0,/api/v1/visits_GET_BASIC
2024-09-06 15:34:06, /api/v1/pets, POST, BASIC,298.0,/api/v1/pets_POST_BASIC
2024-09-06 15:33:41, /api/v1/clinics, GET, null,659.0,/api/v1/clinics_GET_null
2024-09-06 15:33:46, /api/v1/auth/signup, POST, null,3419.0,/api/v1/auth/signup_POST_null
2024-09-06 15:33:41, /api/v1/clinics, GET, null,642.0,/api/v1/clinics_GET_null
2024-09-06 15:33:51, /api/v1/auth/signin, POST, null,622.0,/api/v1/auth/signin_POST_null
2024-09-06 15:34:06, /api/v1/pets, POST, BASIC,685.0,/api/v1/pets_POST_BASIC
2024-09-06 15:33:56, /api/v1/pets, GET, BASIC,590.0,/api/v1/pets_GET_BASIC
2024-09-06 15:33:46, /api/v1/auth/signup, POST, null,4210.0,/api/v1/auth/signup_POST_null
2024-09-06 15:33:41, /api/v1/clinics, GET, null,658.0,/api/v1/clinics_GET_null
2024-09-06 15:33:46, /api/v1/auth/signup, POST, null,3765.0,/api/v1/auth/signup_POST_null
2024-09-06 15:33:46, /api/v1/auth/signin, POST, null,951.0,/api/v1/auth/signin_POST_null
2024-09-06 15:33:56, /api/v1/pets, GET, BASIC,1394.0,/api/v1/pets_GET_BASIC
2024-09-06 15:33:46, /api/v1/auth/signup, POST, null,3539.0,/api/v1/auth/signup_POST_null
2024-09-06 15:33:41, /api/v1/clinics, GET, null,646.0,/api/v1/clinics_GET_null
2024-09-06 15:34:06, /api/v1/pets, POST, BASIC,1500.0,/api/v1/pets_POST_BASIC
2024-09-06 15:33:51, /api/v1/auth/signin, POST, null,2052.0,/api/v1/auth/signin_POST_null
2024-09-06 15:34:01, /api/v1/visits, GET, BASIC,1866.0,/api/v1/visits_GET_BASIC
2024-09-06 15:33:41, /api/v1/clinics, GET, null,648.0,/api/v1/clinics_GET_null
2024-09-06 15:33:46, /api/v1/auth/signup, POST, null,3682.0,/api/v1/auth/signup_POST_null
2024-09-06 15:33:46, /api/v1/auth/signin, POST, null,589.0,/api/v1/auth/signin_POST_null
2024-09-06 15:33:56, /api/v1/pets, GET, BASIC,1124.0,/api/v1/pets_GET_BASIC
2024-09-06 15:33:46, /api/v1/auth/signup, POST, null,4165.0,/api/v1/auth/signup_POST_null
2024-09-06 15:33:46, /api/v1/auth/signup, POST, null,3714.0,/api/v1/auth/signup_POST_null
2024-09-06 15:33:56, /api/v1/pets, GET, BASIC,698.0,/api/v1/pets_GET_BASIC
2024-09-06 15:34:06, /api/v1/pets, POST, BASIC,220.0,/api/v1/pets_POST_BASIC
2024-09-06 15:33:51, /api/v1/auth/signin, POST, null,6256.0,/api/v1/auth/signin_POST_null
2024-09-06 15:34:01, /api/v1/visits, GET, BASIC,579.0,/api/v1/visits_GET_BASIC
2024-09-06 15:34:01, /api/v1/pets/types, GET, BASIC,1409.0,/api/v1/pets/types_GET_BASIC
2024-09-06 15:33:51, /api/v1/auth/signin, POST, null,1838.0,/api/v1/auth/signin_POST_null
2024-09-06 15:33:41, /api/v1/clinics, GET, null,664.0,/api/v1/clinics_GET_null
2024-09-06 15:34:01, /api/v1/pets/types, GET, BASIC,357.0,/api/v1/pets/types_GET_BASIC
2024-09-06 15:33:56, /api/v1/pets, GET, BASIC,450.0,/api/v1/pets_GET_BASIC
2024-09-06 15:34:06, /api/v1/pets, GET, BASIC,1364.0,/api/v1/pets_GET_BASIC
2024-09-06 15:34:06, /api/v1/visits, GET, BASIC,230.0,/api/v1/visits_GET_BASIC
2024-09-06 15:33:46, /api/v1/auth/signup, POST, null,3894.0,/api/v1/auth/signup_POST_null
2024-09-06 15:33:46, /api/v1/auth/signup, POST, null,4284.0,/api/v1/auth/signup_POST_null
2024-09-06 15:34:06, /api/v1/pets, GET, BASIC,308.0,/api/v1/pets_GET_BASIC
2024-09-06 15:33:56, /api/v1/pets, GET, BASIC,617.0,/api/v1/pets_GET_BASIC
2024-09-06 15:33:46, /api/v1/auth/signup, POST, null,3729.0,/api/v1/auth/signup_POST_null
2024-09-06 15:33:41, /api/v1/clinics, GET, null,656.0,/api/v1/clinics_GET_null
2024-09-06 15:34:06, /api/v1/pets, GET, BASIC,1893.0,/api/v1/pets_GET_BASIC
2024-09-06 15:34:01, /api/v1/visits, GET, BASIC,1303.0,/api/v1/visits_GET_BASIC
2024-09-06 15:34:06, /api/v1/pets, GET, BASIC,905.0,/api/v1/pets_GET_BASIC
2024-09-06 15:33:41, /api/v1/clinics, GET, null,644.0,/api/v1/clinics_GET_null
2024-09-06 15:33:51, /api/v1/auth/signin, POST, null,5584.0,/api/v1/auth/signin_POST_null
2024-09-06 15:33:56, /api/v1/pets, GET, BASIC,982.0,/api/v1/pets_GET_BASIC
2024-09-06 15:33:56, /api/v1/pets, GET, BASIC,2255.0,/api/v1/pets_GET_BASIC
2024-09-06 15:34:01, /api/v1/pets/types, GET, BASIC,57.0,/api/v1/pets/types_GET_BASIC
2024-09-06 15:33:51, /api/v1/auth/signin, POST, null,3387.0,/api/v1/auth/signin_POST_null
2024-09-06 15:34:01, /api/v1/visits, GET, BASIC,1746.0,/api/v1/visits_GET_BASIC
2024-09-06 15:33:41, /api/v1/clinics, GET, null,661.0,/api/v1/clinics_GET_null
2024-09-06 15:34:06, /api/v1/pets, GET, BASIC,607.0,/api/v1/pets_GET_BASIC
2024-09-06 15:33:46, /api/v1/auth/signup, POST, null,4265.0,/api/v1/auth/signup_POST_null
2024-09-06 15:34:01, /api/v1/visits, GET, BASIC,1261.0,/api/v1/visits_GET_BASIC
2024-09-06 15:33:46, /api/v1/auth/signup, POST, null,4163.0,/api/v1/auth/signup_POST_null
2024-09-06 15:33:46, /api/v1/auth/signup, POST, null,4065.0,/api/v1/auth/signup_POST_null
2024-09-06 15:33:46, /api/v1/auth/signup, POST, null,4037.0,/api/v1/auth/signup_POST_null
2024-09-06 15:33:46, /api/v1/auth/signup, POST, null,4073.0,/api/v1/auth/signup_POST_null
2024-09-06 15:33:51, /api/v1/auth/signin, POST, null,6097.0,/api/v1/auth/signin_POST_null
2024-09-06 15:34:06, /api/v1/pets, POST, BASIC,64.0,/api/v1/pets_POST_BASIC
2024-09-06 15:33:46, /api/v1/auth/signup, POST, null,4213.0,/api/v1/auth/signup_POST_null
2024-09-06 15:33:46, /api/v1/auth/signup, POST, null,4296.0,/api/v1/auth/signup_POST_null
2024-09-06 15:33:46, /api/v1/auth/signup, POST, null,4088.0,/api/v1/auth/signup_POST_null
2024-09-06 15:33:46, /api/v1/auth/signup, POST, null,3746.0,/api/v1/auth/signup_POST_null
2024-09-06 15:33:46, /api/v1/auth/signup, POST, null,3733.0,/api/v1/auth/signup_POST_null
2024-09-06 15:33:51, /api/v1/auth/signin, POST, null,5032.0,/api/v1/auth/signin_POST_null
2024-09-06 15:33:46, /api/v1/auth/signup, POST, null,4171.0,/api/v1/auth/signup_POST_null
2024-09-06 15:33:51, /api/v1/auth/signin, POST, null,5831.0,/api/v1/auth/signin_POST_null
2024-09-06 15:33:56, /api/v1/pets, GET, BASIC,1252.0,/api/v1/pets_GET_BASIC
2024-09-06 15:33:51, /api/v1/auth/signin, POST, null,3883.0,/api/v1/auth/signin_POST_null
2024-09-06 15:33:51, /api/v1/auth/signin, POST, null,4568.0,/api/v1/auth/signin_POST_null
2024-09-06 15:33:51, /api/v1/auth/signup, POST, null,8354.0,/api/v1/auth/signup_POST_null
2024-09-06 15:34:06, /api/v1/pets, GET, BASIC,1364.0,/api/v1/pets_GET_BASIC
2024-09-06 15:33:46, /api/v1/auth/signup, POST, null,4071.0,/api/v1/auth/signup_POST_null
2024-09-06 15:33:41, /api/v1/clinics, GET, null,643.0,/api/v1/clinics_GET_null
2024-09-06 15:33:41, /api/v1/clinics, GET, null,661.0,/api/v1/clinics_GET_null
2024-09-06 15:33:46, /api/v1/auth/signup, POST, null,3403.0,/api/v1/auth/signup_POST_null
2024-09-06 15:33:46, /api/v1/auth/signup, POST, null,4304.0,/api/v1/auth/signup_POST_null
2024-09-06 15:33:51, /api/v1/auth/signin, POST, null,2966.0,/api/v1/auth/signin_POST_null
2024-09-06 15:33:46, /api/v1/auth/signup, POST, null,4071.0,/api/v1/auth/signup_POST_null
2024-09-06 15:34:06, /api/v1/pets, POST, BASIC,350.0,/api/v1/pets_POST_BASIC
2024-09-06 15:34:06, /api/v1/pets, POST, BASIC,1728.0,/api/v1/pets_POST_BASIC
2024-09-06 15:33:46, /api/v1/auth/signup, POST, null,3584.0,/api/v1/auth/signup_POST_null
2024-09-06 15:33:46, /api/v1/auth/signup, POST, null,4208.0,/api/v1/auth/signup_POST_null
2024-09-06 15:34:06, /api/v1/pets, POST, BASIC,720.0,/api/v1/pets_POST_BASIC
2024-09-06 15:33:46, /api/v1/auth/signup, POST, null,4060.0,/api/v1/auth/signup_POST_null
2024-09-06 15:33:46, /api/v1/auth/signup, POST, null,4059.0,/api/v1/auth/signup_POST_null
2024-09-06 15:33:41, /api/v1/clinics, GET, null,654.0,/api/v1/clinics_GET_null
2024-09-06 15:33:56, /api/v1/pets, GET, BASIC,1427.0,/api/v1/pets_GET_BASIC
2024-09-06 15:34:06, /api/v1/pets, GET, BASIC,705.0,/api/v1/pets_GET_BASIC
2024-09-06 15:33:56, /api/v1/pets, GET, BASIC,924.0,/api/v1/pets_GET_BASIC
2024-09-06 15:33:51, /api/v1/auth/signin, POST, null,6147.0,/api/v1/auth/signin_POST_null
2024-09-06 15:33:41, /api/v1/clinics, GET, null,646.0,/api/v1/clinics_GET_null
2024-09-06 15:33:46, /api/v1/auth/signup, POST, null,4161.0,/api/v1/auth/signup_POST_null
2024-09-06 15:33:56, /api/v1/pets, GET, BASIC,739.0,/api/v1/pets_GET_BASIC
2024-09-06 15:33:46, /api/v1/auth/signup, POST, null,4263.0,/api/v1/auth/signup_POST_null
2024-09-06 15:33:56, /api/v1/auth/signin, POST, null,10151.0,/api/v1/auth/signin_POST_null
2024-09-06 15:33:56, /api/v1/pets, GET, BASIC,1483.0,/api/v1/pets_GET_BASIC
2024-09-06 15:33:46, /api/v1/auth/signup, POST, null,3856.0,/api/v1/auth/signup_POST_null
2024-09-06 15:33:51, /api/v1/auth/signin, POST, null,5542.0,/api/v1/auth/signin_POST_null
2024-09-06 15:33:56, /api/v1/pets, GET, BASIC,699.0,/api/v1/pets_GET_BASIC
2024-09-06 15:33:51, /api/v1/auth/signin, POST, null,3338.0,/api/v1/auth/signin_POST_null
2024-09-06 15:34:06, /api/v1/pets, POST, BASIC,1379.0,/api/v1/pets_POST_BASIC
2024-09-06 15:33:46, /api/v1/auth/signup, POST, null,4212.0,/api/v1/auth/signup_POST_null
2024-09-06 15:33:51, /api/v1/auth/signin, POST, null,5368.0,/api/v1/auth/signin_POST_null
2024-09-06 15:33:51, /api/v1/auth/signin, POST, null,3659.0,/api/v1/auth/signin_POST_null
2024-09-06 15:33:51, /api/v1/auth/signin, POST, null,6074.0,/api/v1/auth/signin_POST_null
2024-09-06 15:33:41, /api/v1/clinics, GET, null,639.0,/api/v1/clinics_GET_null
2024-09-06 15:34:06, /api/v1/pets, POST, BASIC,1004.0,/api/v1/pets_POST_BASIC
2024-09-06 15:33:46, /api/v1/auth/signup, POST, null,4232.0,/api/v1/auth/signup_POST_null
2024-09-06 15:33:51, /api/v1/auth/signin, POST, null,5574.0,/api/v1/auth/signin_POST_null
2024-09-06 15:34:01, /api/v1/pets/types, GET, BASIC,168.0,/api/v1/pets/types_GET_BASIC
2024-09-06 15:33:41, /api/v1/clinics, GET, null,639.0,/api/v1/clinics_GET_null
2024-09-06 15:33:46, /api/v1/auth/signin, POST, null,741.0,/api/v1/auth/signin_POST_null
2024-09-06 15:33:51, /api/v1/auth/signin, POST, null,6283.0,/api/v1/auth/signin_POST_null
2024-09-06 15:33:51, /api/v1/auth/signup, POST, null,8998.0,/api/v1/auth/signup_POST_null
2024-09-06 15:33:46, /api/v1/auth/signup, POST, null,4163.0,/api/v1/auth/signup_POST_null
2024-09-06 15:33:51, /api/v1/auth/signin, POST, null,280.0,/api/v1/auth/signin_POST_null
2024-09-06 15:34:01, /api/v1/visits, GET, BASIC,1440.0,/api/v1/visits_GET_BASIC
2024-09-06 15:33:41, /api/v1/clinics, GET, null,666.0,/api/v1/clinics_GET_null
2024-09-06 15:33:46, /api/v1/auth/signup, POST, null,4122.0,/api/v1/auth/signup_POST_null
2024-09-06 15:33:41, /api/v1/clinics, GET, null,642.0,/api/v1/clinics_GET_null
2024-09-06 15:34:01, /api/v1/pets/types, GET, BASIC,495.0,/api/v1/pets/types_GET_BASIC
2024-09-06 15:34:01, /api/v1/visits, GET, BASIC,51.0,/api/v1/visits_GET_BASIC
2024-09-06 15:33:46, /api/v1/auth/signup, POST, null,3779.0,/api/v1/auth/signup_POST_null
2024-09-06 15:33:41, /api/v1/clinics, GET, null,662.0,/api/v1/clinics_GET_null
2024-09-06 15:33:46, /api/v1/auth/signup, POST, null,4264.0,/api/v1/auth/signup_POST_null
2024-09-06 15:33:46, /api/v1/auth/signup, POST, null,4272.0,/api/v1/auth/signup_POST_null
2024-09-06 15:33:41, /api/v1/clinics, GET, null,649.0,/api/v1/clinics_GET_null
2024-09-06 15:34:01, /api/v1/pets/types, GET, BASIC,1159.0,/api/v1/pets/types_GET_BASIC
2024-09-06 15:33:46, /api/v1/auth/signup, POST, null,4298.0,/api/v1/auth/signup_POST_null
2024-09-06 15:33:56, /api/v1/auth/signin, POST, null,9501.0,/api/v1/auth/signin_POST_null
2024-09-06 15:34:06, /api/v1/pets, GET, BASIC,834.0,/api/v1/pets_GET_BASIC
2024-09-06 15:34:01, /api/v1/visits, GET, BASIC,2503.0,/api/v1/visits_GET_BASIC
2024-09-06 15:33:56, /api/v1/pets, GET, BASIC,1939.0,/api/v1/pets_GET_BASIC
2024-09-06 15:33:46, /api/v1/auth/signup, POST, null,4226.0,/api/v1/auth/signup_POST_null
2024-09-06 15:33:41, /api/v1/clinics, GET, null,649.0,/api/v1/clinics_GET_null
2024-09-06 15:33:41, /api/v1/clinics, GET, null,644.0,/api/v1/clinics_GET_null
2024-09-06 15:33:56, /api/v1/pets, GET, BASIC,963.0,/api/v1/pets_GET_BASIC
2024-09-06 15:34:06, /api/v1/pets, POST, BASIC,1100.0,/api/v1/pets_POST_BASIC
2024-09-06 15:33:46, /api/v1/auth/signup, POST, null,3907.0,/api/v1/auth/signup_POST_null
2024-09-06 15:33:51, /api/v1/auth/signup, POST, null,8389.0,/api/v1/auth/signup_POST_null
2024-09-06 15:34:06, /api/v1/pets, POST, BASIC,1094.0,/api/v1/pets_POST_BASIC
2024-09-06 15:33:56, /api/v1/pets, GET, BASIC,837.0,/api/v1/pets_GET_BASIC
2024-09-06 15:33:51, /api/v1/auth/signup, POST, null,9288.0,/api/v1/auth/signup_POST_null
2024-09-06 15:34:06, /api/v1/pets, GET, BASIC,525.0,/api/v1/pets_GET_BASIC
2024-09-06 15:33:46, /api/v1/auth/signup, POST, null,4110.0,/api/v1/auth/signup_POST_null
2024-09-06 15:33:46, /api/v1/auth/signup, POST, null,4277.0,/api/v1/auth/signup_POST_null
2024-09-06 15:33:46, /api/v1/auth/signup, POST, null,3989.0,/api/v1/auth/signup_POST_null
2024-09-06 15:34:01, /api/v1/pets/types, GET, BASIC,1356.0,/api/v1/pets/types_GET_BASIC
2024-09-06 15:33:46, /api/v1/auth/signup, POST, null,4295.0,/api/v1/auth/signup_POST_null
2024-09-06 15:33:51, /api/v1/auth/signin, POST, null,5954.0,/api/v1/auth/signin_POST_null
2024-09-06 15:33:46, /api/v1/auth/signup, POST, null,4213.0,/api/v1/auth/signup_POST_null
2024-09-06 15:33:46, /api/v1/auth/signup, POST, null,4279.0,/api/v1/auth/signup_POST_null
2024-09-06 15:33:51, /api/v1/auth/signin, POST, null,3123.0,/api/v1/auth/signin_POST_null
2024-09-06 15:34:06, /api/v1/pets, POST, BASIC,502.0,/api/v1/pets_POST_BASIC
2024-09-06 15:33:56, /api/v1/pets, GET, BASIC,631.0,/api/v1/pets_GET_BASIC
2024-09-06 15:33:46, /api/v1/auth/signup, POST, null,4162.0,/api/v1/auth/signup_POST_null
2024-09-06 15:33:46, /api/v1/auth/signup, POST, null,3575.0,/api/v1/auth/signup_POST_null
2024-09-06 15:33:46, /api/v1/auth/signup, POST, null,3995.0,/api/v1/auth/signup_POST_null
2024-09-06 15:34:06, /api/v1/pets, POST, BASIC,871.0,/api/v1/pets_POST_BASIC
2024-09-06 15:33:51, /api/v1/auth/signin, POST, null,4139.0,/api/v1/auth/signin_POST_null
2024-09-06 15:33:46, /api/v1/auth/signup, POST, null,4068.0,/api/v1/auth/signup_POST_null
2024-09-06 15:33:56, /api/v1/pets, GET, BASIC,886.0,/api/v1/pets_GET_BASIC
2024-09-06 15:34:06, /api/v1/pets, GET, BASIC,270.0,/api/v1/pets_GET_BASIC
2024-09-06 15:34:01, /api/v1/pets/types, GET, BASIC,355.0,/api/v1/pets/types_GET_BASIC
2024-09-06 15:33:51, /api/v1/auth/signin, POST, null,4284.0,/api/v1/auth/signin_POST_null
2024-09-06 15:33:56, /api/v1/pets, GET, BASIC,894.0,/api/v1/pets_GET_BASIC
2024-09-06 15:33:51, /api/v1/auth/signin, POST, null,5266.0,/api/v1/auth/signin_POST_null
2024-09-06 15:33:41, /api/v1/clinics, GET, null,655.0,/api/v1/clinics_GET_null
2024-09-06 15:33:51, /api/v1/auth/signup, POST, null,8856.0,/api/v1/auth/signup_POST_null
2024-09-06 15:33:56, /api/v1/pets, GET, BASIC,1793.0,/api/v1/pets_GET_BASIC
2024-09-06 15:33:46, /api/v1/auth/signup, POST, null,4085.0,/api/v1/auth/signup_POST_null
2024-09-06 15:33:46, /api/v1/auth/signup, POST, null,4285.0,/api/v1/auth/signup_POST_null
2024-09-06 15:34:06, /api/v1/pets, GET, BASIC,710.0,/api/v1/pets_GET_BASIC
2024-09-06 15:33:41, /api/v1/clinics, GET, null,648.0,/api/v1/clinics_GET_null
2024-09-06 15:33:56, /api/v1/pets, GET, BASIC,27.0,/api/v1/pets_GET_BASIC
2024-09-06 15:34:06, /api/v1/pets, GET, BASIC,704.0,/api/v1/pets_GET_BASIC
2024-09-06 15:33:51, /api/v1/auth/signin, POST, null,5830.0,/api/v1/auth/signin_POST_null
2024-09-06 15:33:46, /api/v1/auth/signup, POST, null,3404.0,/api/v1/auth/signup_POST_null
2024-09-06 15:33:41, /api/v1/clinics, GET, null,660.0,/api/v1/clinics_GET_null
2024-09-06 15:33:51, /api/v1/auth/signin, POST, null,326.0,/api/v1/auth/signin_POST_null
2024-09-06 15:34:01, /api/v1/pets/types, GET, BASIC,815.0,/api/v1/pets/types_GET_BASIC
2024-09-06 15:34:01, /api/v1/pets/types, GET, BASIC,1667.0,/api/v1/pets/types_GET_BASIC
2024-09-06 15:33:46, /api/v1/auth/signup, POST, null,3355.0,/api/v1/auth/signup_POST_null
2024-09-06 15:34:01, /api/v1/visits, GET, BASIC,1906.0,/api/v1/visits_GET_BASIC
2024-09-06 15:33:51, /api/v1/auth/signin, POST, null,5542.0,/api/v1/auth/signin_POST_null
2024-09-06 15:33:41, /api/v1/clinics, GET, null,655.0,/api/v1/clinics_GET_null
2024-09-06 15:33:56, /api/v1/pets, GET, BASIC,982.0,/api/v1/pets_GET_BASIC
2024-09-06 15:34:01, /api/v1/pets/types, GET, BASIC,414.0,/api/v1/pets/types_GET_BASIC
2024-09-06 15:33:46, /api/v1/auth/signin, POST, null,1260.0,/api/v1/auth/signin_POST_null
2024-09-06 15:33:46, /api/v1/auth/signup, POST, null,4111.0,/api/v1/auth/signup_POST_null
2024-09-06 15:33:46, /api/v1/auth/signup, POST, null,3386.0,/api/v1/auth/signup_POST_null
2024-09-06 15:33:46, /api/v1/auth/signup, POST, null,4229.0,/api/v1/auth/signup_POST_null
2024-09-06 15:33:51, /api/v1/auth/signin, POST, null,4953.0,/api/v1/auth/signin_POST_null
2024-09-06 15:34:06, /api/v1/pets, POST, BASIC,1307.0,/api/v1/pets_POST_BASIC
2024-09-06 15:33:46, /api/v1/auth/signup, POST, null,4127.0,/api/v1/auth/signup_POST_null
2024-09-06 15:34:06, /api/v1/visits, GET, BASIC,460.0,/api/v1/visits_GET_BASIC
2024-09-06 15:33:51, /api/v1/auth/signin, POST, null,4323.0,/api/v1/auth/signin_POST_null
2024-09-06 15:33:46, /api/v1/auth/signup, POST, null,4105.0,/api/v1/auth/signup_POST_null
2024-09-06 15:34:06, /api/v1/visits, GET, BASIC,650.0,/api/v1/visits_GET_BASIC
2024-09-06 15:33:41, /api/v1/clinics, GET, null,660.0,/api/v1/clinics_GET_null
2024-09-06 15:34:06, /api/v1/pets, GET, BASIC,678.0,/api/v1/pets_GET_BASIC
2024-09-06 15:33:56, /api/v1/pets, GET, BASIC,807.0,/api/v1/pets_GET_BASIC
2024-09-06 15:34:06, /api/v1/pets, POST, BASIC,1640.0,/api/v1/pets_POST_BASIC
2024-09-06 15:33:41, /api/v1/clinics, GET, null,644.0,/api/v1/clinics_GET_null
2024-09-06 15:33:46, /api/v1/auth/signup, POST, null,4032.0,/api/v1/auth/signup_POST_null
2024-09-06 15:33:41, /api/v1/clinics, GET, null,645.0,/api/v1/clinics_GET_null
2024-09-06 15:34:06, /api/v1/pets, POST, BASIC,713.0,/api/v1/pets_POST_BASIC
2024-09-06 15:33:56, /api/v1/pets, GET, BASIC,982.0,/api/v1/pets_GET_BASIC
2024-09-06 15:34:06, /api/v1/visits, GET, BASIC,1045.0,/api/v1/visits_GET_BASIC
2024-09-06 15:33:41, /api/v1/clinics, GET, null,651.0,/api/v1/clinics_GET_null
2024-09-06 15:33:46, /api/v1/auth/signup, POST, null,4085.0,/api/v1/auth/signup_POST_null
2024-09-06 15:34:01, /api/v1/pets/types, GET, BASIC,1137.0,/api/v1/pets/types_GET_BASIC
2024-09-06 15:33:46, /api/v1/auth/signup, POST, null,4087.0,/api/v1/auth/signup_POST_null
2024-09-06 15:34:06, /api/v1/pets, GET, BASIC,559.0,/api/v1/pets_GET_BASIC
2024-09-06 15:33:41, /api/v1/clinics, GET, null,658.0,/api/v1/clinics_GET_null
2024-09-06 15:33:51, /api/v1/auth/signin, POST, null,4846.0,/api/v1/auth/signin_POST_null
2024-09-06 15:34:16, /api/v1/pets, GET, BASIC,1052.0,/api/v1/pets_GET_BASIC
2024-09-06 15:34:16, /api/v1/pets, GET, BASIC,988.0,/api/v1/pets_GET_BASIC
2024-09-06 15:34:16, /api/v1/pets, GET, BASIC,533.0,/api/v1/pets_GET_BASIC
2024-09-06 15:34:11, /api/v1/pets/353, DELETE, BASIC,611.0,/api/v1/pets/353_DELETE_BASIC
2024-09-06 15:34:16, /api/v1/pets, GET, BASIC,901.0,/api/v1/pets_GET_BASIC
2024-09-06 15:34:11, /api/v1/pets/368, DELETE, BASIC,677.0,/api/v1/pets/368_DELETE_BASIC
2024-09-06 15:34:16, /api/v1/visits, GET, BASIC,840.0,/api/v1/visits_GET_BASIC
2024-09-06 15:34:11, /api/v1/pets/347, DELETE, BASIC,891.0,/api/v1/pets/347_DELETE_BASIC
2024-09-06 15:34:11, /api/v1/visits, GET, BASIC,1173.0,/api/v1/visits_GET_BASIC
2024-09-06 15:34:11, /api/v1/pets/301, DELETE, BASIC,491.0,/api/v1/pets/301_DELETE_BASIC
2024-09-06 15:34:16, /api/v1/pets/381, DELETE, BASIC,1118.0,/api/v1/pets/381_DELETE_BASIC
2024-09-06 15:34:11, /api/v1/visits, GET, BASIC,1038.0,/api/v1/visits_GET_BASIC
2024-09-06 15:34:16, /api/v1/pets, GET, BASIC,658.0,/api/v1/pets_GET_BASIC
2024-09-06 15:34:11, /api/v1/visits, GET, BASIC,2815.0,/api/v1/visits_GET_BASIC
2024-09-06 15:34:16, /api/v1/visits, GET, BASIC,530.0,/api/v1/visits_GET_BASIC
2024-09-06 15:34:16, /api/v1/visits, GET, BASIC,728.0,/api/v1/visits_GET_BASIC
2024-09-06 15:34:16, /api/v1/visits, GET, BASIC,764.0,/api/v1/visits_GET_BASIC
2024-09-06 15:34:16, /api/v1/pets, GET, BASIC,847.0,/api/v1/pets_GET_BASIC
2024-09-06 15:34:11, /api/v1/pets/392, DELETE, BASIC,1169.0,/api/v1/pets/392_DELETE_BASIC
2024-09-06 15:34:11, /api/v1/pets/362, DELETE, BASIC,436.0,/api/v1/pets/362_DELETE_BASIC
2024-09-06 15:34:16, /api/v1/visits, GET, BASIC,367.0,/api/v1/visits_GET_BASIC
2024-09-06 15:34:11, /api/v1/visits, GET, BASIC,1238.0,/api/v1/visits_GET_BASIC
2024-09-06 15:34:16, /api/v1/visits, GET, BASIC,727.0,/api/v1/visits_GET_BASIC
2024-09-06 15:34:11, /api/v1/visits, GET, BASIC,831.0,/api/v1/visits_GET_BASIC
2024-09-06 15:34:11, /api/v1/visits, GET, BASIC,2643.0,/api/v1/visits_GET_BASIC
2024-09-06 15:34:16, /api/v1/pets/373, DELETE, BASIC,2020.0,/api/v1/pets/373_DELETE_BASIC
2024-09-06 15:34:16, /api/v1/pets, GET, BASIC,1435.0,/api/v1/pets_GET_BASIC
2024-09-06 15:34:16, /api/v1/pets, GET, BASIC,729.0,/api/v1/pets_GET_BASIC
2024-09-06 15:34:16, /api/v1/pets, GET, BASIC,1549.0,/api/v1/pets_GET_BASIC
2024-09-06 15:34:11, /api/v1/visits, GET, BASIC,571.0,/api/v1/visits_GET_BASIC
2024-09-06 15:34:11, /api/v1/visits, GET, BASIC,909.0,/api/v1/visits_GET_BASIC
2024-09-06 15:34:11, /api/v1/pets, GET, BASIC,525.0,/api/v1/pets_GET_BASIC
2024-09-06 15:34:16, /api/v1/visits, GET, BASIC,784.0,/api/v1/visits_GET_BASIC
2024-09-06 15:34:11, /api/v1/pets/307, DELETE, BASIC,1328.0,/api/v1/pets/307_DELETE_BASIC
2024-09-06 15:34:16, /api/v1/pets, GET, BASIC,1399.0,/api/v1/pets_GET_BASIC
2024-09-06 15:34:16, /api/v1/pets, GET, BASIC,167.0,/api/v1/pets_GET_BASIC
2024-09-06 15:34:11, /api/v1/pets/339, DELETE, BASIC,199.0,/api/v1/pets/339_DELETE_BASIC
2024-09-06 15:34:11, /api/v1/visits, GET, BASIC,1109.0,/api/v1/visits_GET_BASIC
2024-09-06 15:34:11, /api/v1/pets/304, DELETE, BASIC,834.0,/api/v1/pets/304_DELETE_BASIC
2024-09-06 15:34:11, /api/v1/pets, GET, BASIC,494.0,/api/v1/pets_GET_BASIC
2024-09-06 15:34:11, /api/v1/visits, GET, BASIC,824.0,/api/v1/visits_GET_BASIC
2024-09-06 15:34:16, /api/v1/pets, GET, BASIC,1024.0,/api/v1/pets_GET_BASIC
2024-09-06 15:34:11, /api/v1/visits, GET, BASIC,2015.0,/api/v1/visits_GET_BASIC
2024-09-06 15:34:11, /api/v1/visits, GET, BASIC,3172.0,/api/v1/visits_GET_BASIC
2024-09-06 15:34:16, /api/v1/pets/375, DELETE, BASIC,1351.0,/api/v1/pets/375_DELETE_BASIC
2024-09-06 15:34:11, /api/v1/visits, GET, BASIC,833.0,/api/v1/visits_GET_BASIC
2024-09-06 15:34:16, /api/v1/pets, GET, BASIC,811.0,/api/v1/pets_GET_BASIC
2024-09-06 15:34:16, /api/v1/visits, GET, BASIC,866.0,/api/v1/visits_GET_BASIC
2024-09-06 15:34:16, /api/v1/pets, GET, BASIC,864.0,/api/v1/pets_GET_BASIC
2024-09-06 15:34:16, /api/v1/pets/356, DELETE, BASIC,1382.0,/api/v1/pets/356_DELETE_BASIC
2024-09-06 15:34:16, /api/v1/visits, GET, BASIC,1081.0,/api/v1/visits_GET_BASIC
2024-09-06 15:34:16, /api/v1/pets, GET, BASIC,953.0,/api/v1/pets_GET_BASIC
2024-09-06 15:34:11, /api/v1/visits, GET, BASIC,1160.0,/api/v1/visits_GET_BASIC
2024-09-06 15:34:11, /api/v1/pets, GET, BASIC,80.0,/api/v1/pets_GET_BASIC
2024-09-06 15:34:11, /api/v1/pets/343, DELETE, BASIC,300.0,/api/v1/pets/343_DELETE_BASIC
2024-09-06 15:34:16, /api/v1/pets, GET, BASIC,706.0,/api/v1/pets_GET_BASIC
2024-09-06 15:34:16, /api/v1/pets, GET, BASIC,587.0,/api/v1/pets_GET_BASIC
2024-09-06 15:34:16, /api/v1/pets, GET, BASIC,764.0,/api/v1/pets_GET_BASIC
2024-09-06 15:34:11, /api/v1/pets/341, DELETE, BASIC,1691.0,/api/v1/pets/341_DELETE_BASIC
2024-09-06 15:34:11, /api/v1/pets, GET, BASIC,2310.0,/api/v1/pets_GET_BASIC
2024-09-06 15:34:16, /api/v1/pets, GET, BASIC,1479.0,/api/v1/pets_GET_BASIC
2024-09-06 15:34:16, /api/v1/pets, GET, BASIC,1295.0,/api/v1/pets_GET_BASIC
2024-09-06 15:34:16, /api/v1/pets, GET, BASIC,961.0,/api/v1/pets_GET_BASIC
2024-09-06 15:34:11, /api/v1/pets/321, DELETE, BASIC,867.0,/api/v1/pets/321_DELETE_BASIC
2024-09-06 15:34:16, /api/v1/pets, GET, BASIC,707.0,/api/v1/pets_GET_BASIC
2024-09-06 15:34:16, /api/v1/visits, GET, BASIC,826.0,/api/v1/visits_GET_BASIC
2024-09-06 15:34:16, /api/v1/visits, GET, BASIC,476.0,/api/v1/visits_GET_BASIC
2024-09-06 15:34:16, /api/v1/pets/363, DELETE, BASIC,917.0,/api/v1/pets/363_DELETE_BASIC
2024-09-06 15:34:16, /api/v1/pets/391, DELETE, BASIC,355.0,/api/v1/pets/391_DELETE_BASIC
2024-09-06 15:34:16, /api/v1/visits, GET, BASIC,3072.0,/api/v1/visits_GET_BASIC
2024-09-06 15:34:51, /api/v1/auth/signin, POST, null,5996.0,/api/v1/auth/signin_POST_null
2024-09-06 15:35:06, /api/v1/pets, GET, GOLD,934.0,/api/v1/pets_GET_GOLD
2024-09-06 15:35:01, /api/v1/pets, POST, GOLD,1459.0,/api/v1/pets_POST_GOLD
2024-09-06 15:34:46, /api/v1/auth/signup, POST, null,4066.0,/api/v1/auth/signup_POST_null
2024-09-06 15:34:56, /api/v1/pets/types, GET, GOLD,1029.0,/api/v1/pets/types_GET_GOLD
2024-09-06 15:35:01, /api/v1/pets, GET, GOLD,939.0,/api/v1/pets_GET_GOLD
2024-09-06 15:34:51, /api/v1/pets, GET, GOLD,1109.0,/api/v1/pets_GET_GOLD
2024-09-06 15:34:41, /api/v1/clinics, GET, null,118.0,/api/v1/clinics_GET_null
2024-09-06 15:34:46, /api/v1/auth/signup, POST, null,4487.0,/api/v1/auth/signup_POST_null
2024-09-06 15:35:06, /api/v1/pets, GET, GOLD,1883.0,/api/v1/pets_GET_GOLD
2024-09-06 15:34:46, /api/v1/auth/signup, POST, null,3944.0,/api/v1/auth/signup_POST_null
2024-09-06 15:35:01, /api/v1/visits, GET, GOLD,1163.0,/api/v1/visits_GET_GOLD
2024-09-06 15:34:56, /api/v1/visits, GET, GOLD,763.0,/api/v1/visits_GET_GOLD
2024-09-06 15:34:46, /api/v1/auth/signup, POST, null,3862.0,/api/v1/auth/signup_POST_null
2024-09-06 15:34:56, /api/v1/pets/types, GET, GOLD,1969.0,/api/v1/pets/types_GET_GOLD
2024-09-06 15:34:46, /api/v1/auth/signup, POST, null,3435.0,/api/v1/auth/signup_POST_null
2024-09-06 15:34:46, /api/v1/auth/signup, POST, null,1851.0,/api/v1/auth/signup_POST_null
2024-09-06 15:34:56, /api/v1/pets, GET, GOLD,1006.0,/api/v1/pets_GET_GOLD
2024-09-06 15:34:46, /api/v1/auth/signup, POST, null,2922.0,/api/v1/auth/signup_POST_null
2024-09-06 15:35:06, /api/v1/visits, GET, GOLD,707.0,/api/v1/visits_GET_GOLD
2024-09-06 15:35:01, /api/v1/pets, POST, GOLD,549.0,/api/v1/pets_POST_GOLD
2024-09-06 15:35:01, /api/v1/pets, POST, GOLD,1042.0,/api/v1/pets_POST_GOLD
2024-09-06 15:34:46, /api/v1/auth/signup, POST, null,4751.0,/api/v1/auth/signup_POST_null
2024-09-06 15:34:41, /api/v1/clinics, GET, null,119.0,/api/v1/clinics_GET_null
2024-09-06 15:34:56, /api/v1/pets/types, GET, GOLD,1171.0,/api/v1/pets/types_GET_GOLD
2024-09-06 15:35:01, /api/v1/pets, GET, GOLD,600.0,/api/v1/pets_GET_GOLD
2024-09-06 15:35:01, /api/v1/pets/types, GET, GOLD,1572.0,/api/v1/pets/types_GET_GOLD
2024-09-06 15:35:01, /api/v1/pets, GET, GOLD,215.0,/api/v1/pets_GET_GOLD
2024-09-06 15:34:56, /api/v1/visits, GET, GOLD,958.0,/api/v1/visits_GET_GOLD
2024-09-06 15:35:01, /api/v1/pets, GET, GOLD,387.0,/api/v1/pets_GET_GOLD
2024-09-06 15:35:06, /api/v1/pets/621, DELETE, GOLD,615.0,/api/v1/pets/621_DELETE_GOLD
2024-09-06 15:34:46, /api/v1/auth/signin, POST, null,3320.0,/api/v1/auth/signin_POST_null
2024-09-06 15:34:51, /api/v1/pets, GET, GOLD,592.0,/api/v1/pets_GET_GOLD
2024-09-06 15:34:56, /api/v1/pets/types, GET, GOLD,637.0,/api/v1/pets/types_GET_GOLD
2024-09-06 15:34:56, /api/v1/visits, GET, GOLD,1125.0,/api/v1/visits_GET_GOLD
2024-09-06 15:34:56, /api/v1/pets/types, GET, GOLD,640.0,/api/v1/pets/types_GET_GOLD
2024-09-06 15:35:06, /api/v1/pets/613, DELETE, GOLD,818.0,/api/v1/pets/613_DELETE_GOLD
2024-09-06 15:35:01, /api/v1/pets, GET, GOLD,1569.0,/api/v1/pets_GET_GOLD
2024-09-06 15:34:46, /api/v1/auth/signup, POST, null,3652.0,/api/v1/auth/signup_POST_null
2024-09-06 15:35:01, /api/v1/pets, POST, GOLD,676.0,/api/v1/pets_POST_GOLD
2024-09-06 15:35:06, /api/v1/pets, GET, GOLD,707.0,/api/v1/pets_GET_GOLD
2024-09-06 15:35:06, /api/v1/pets/667, DELETE, GOLD,1144.0,/api/v1/pets/667_DELETE_GOLD
2024-09-06 15:35:06, /api/v1/pets, GET, GOLD,718.0,/api/v1/pets_GET_GOLD
2024-09-06 15:34:46, /api/v1/auth/signin, POST, null,2366.0,/api/v1/auth/signin_POST_null
2024-09-06 15:34:46, /api/v1/auth/signup, POST, null,4663.0,/api/v1/auth/signup_POST_null
2024-09-06 15:35:06, /api/v1/pets/642, DELETE, GOLD,584.0,/api/v1/pets/642_DELETE_GOLD
2024-09-06 15:34:46, /api/v1/auth/signup, POST, null,3813.0,/api/v1/auth/signup_POST_null
2024-09-06 15:34:46, /api/v1/auth/signup, POST, null,3449.0,/api/v1/auth/signup_POST_null
2024-09-06 15:34:51, /api/v1/auth/signin, POST, null,4016.0,/api/v1/auth/signin_POST_null
2024-09-06 15:34:46, /api/v1/auth/signin, POST, null,3343.0,/api/v1/auth/signin_POST_null
2024-09-06 15:34:41, /api/v1/clinics, GET, null,122.0,/api/v1/clinics_GET_null
2024-09-06 15:35:06, /api/v1/visits, GET, GOLD,1106.0,/api/v1/visits_GET_GOLD
2024-09-06 15:34:46, /api/v1/auth/signin, POST, null,771.0,/api/v1/auth/signin_POST_null
2024-09-06 15:34:51, /api/v1/auth/signin, POST, null,6035.0,/api/v1/auth/signin_POST_null
2024-09-06 15:34:46, /api/v1/auth/signin, POST, null,893.0,/api/v1/auth/signin_POST_null
2024-09-06 15:35:01, /api/v1/pets, POST, GOLD,648.0,/api/v1/pets_POST_GOLD
2024-09-06 15:35:01, /api/v1/pets, POST, GOLD,448.0,/api/v1/pets_POST_GOLD
2024-09-06 15:34:46, /api/v1/auth/signin, POST, null,3556.0,/api/v1/auth/signin_POST_null
2024-09-06 15:35:06, /api/v1/pets, GET, GOLD,952.0,/api/v1/pets_GET_GOLD
2024-09-06 15:34:41, /api/v1/clinics, GET, null,101.0,/api/v1/clinics_GET_null
2024-09-06 15:35:06, /api/v1/pets/610, DELETE, GOLD,2749.0,/api/v1/pets/610_DELETE_GOLD
2024-09-06 15:34:46, /api/v1/auth/signup, POST, null,3903.0,/api/v1/auth/signup_POST_null
2024-09-06 15:34:51, /api/v1/pets, GET, GOLD,1019.0,/api/v1/pets_GET_GOLD
2024-09-06 15:35:01, /api/v1/pets, POST, GOLD,2304.0,/api/v1/pets_POST_GOLD
2024-09-06 15:35:06, /api/v1/visits, GET, GOLD,884.0,/api/v1/visits_GET_GOLD
2024-09-06 15:35:06, /api/v1/visits, GET, GOLD,1996.0,/api/v1/visits_GET_GOLD
2024-09-06 15:34:56, /api/v1/pets, POST, GOLD,326.0,/api/v1/pets_POST_GOLD
2024-09-06 15:34:56, /api/v1/pets/types, GET, GOLD,641.0,/api/v1/pets/types_GET_GOLD
2024-09-06 15:34:51, /api/v1/pets, GET, GOLD,1261.0,/api/v1/pets_GET_GOLD
2024-09-06 15:34:51, /api/v1/auth/signin, POST, null,936.0,/api/v1/auth/signin_POST_null
2024-09-06 15:34:46, /api/v1/auth/signup, POST, null,4081.0,/api/v1/auth/signup_POST_null
2024-09-06 15:34:51, /api/v1/pets, GET, GOLD,1365.0,/api/v1/pets_GET_GOLD
2024-09-06 15:34:56, /api/v1/visits, GET, GOLD,652.0,/api/v1/visits_GET_GOLD
2024-09-06 15:35:01, /api/v1/pets, GET, GOLD,382.0,/api/v1/pets_GET_GOLD
2024-09-06 15:34:46, /api/v1/auth/signin, POST, null,2149.0,/api/v1/auth/signin_POST_null
2024-09-06 15:35:06, /api/v1/pets, GET, GOLD,470.0,/api/v1/pets_GET_GOLD
2024-09-06 15:34:51, /api/v1/auth/signin, POST, null,587.0,/api/v1/auth/signin_POST_null
2024-09-06 15:34:41, /api/v1/clinics, GET, null,91.0,/api/v1/clinics_GET_null
2024-09-06 15:35:06, /api/v1/pets/636, DELETE, GOLD,1758.0,/api/v1/pets/636_DELETE_GOLD
2024-09-06 15:34:56, /api/v1/pets/types, GET, GOLD,654.0,/api/v1/pets/types_GET_GOLD
2024-09-06 15:35:01, /api/v1/pets, GET, GOLD,845.0,/api/v1/pets_GET_GOLD
2024-09-06 15:35:01, /api/v1/pets, GET, GOLD,63.0,/api/v1/pets_GET_GOLD
2024-09-06 15:34:51, /api/v1/auth/signin, POST, null,1742.0,/api/v1/auth/signin_POST_null
2024-09-06 15:34:46, /api/v1/auth/signin, POST, null,1758.0,/api/v1/auth/signin_POST_null
2024-09-06 15:35:06, /api/v1/pets/653, DELETE, GOLD,716.0,/api/v1/pets/653_DELETE_GOLD
2024-09-06 15:34:46, /api/v1/auth/signup, POST, null,2953.0,/api/v1/auth/signup_POST_null
2024-09-06 15:34:51, /api/v1/pets, GET, GOLD,1418.0,/api/v1/pets_GET_GOLD
2024-09-06 15:34:41, /api/v1/clinics, GET, null,42.0,/api/v1/clinics_GET_null
2024-09-06 15:34:46, /api/v1/auth/signup, POST, null,4016.0,/api/v1/auth/signup_POST_null
2024-09-06 15:34:46, /api/v1/auth/signup, POST, null,4555.0,/api/v1/auth/signup_POST_null
2024-09-06 15:35:06, /api/v1/visits, GET, GOLD,1513.0,/api/v1/visits_GET_GOLD
2024-09-06 15:34:51, /api/v1/pets, GET, GOLD,1106.0,/api/v1/pets_GET_GOLD
2024-09-06 15:34:51, /api/v1/auth/signin, POST, null,5282.0,/api/v1/auth/signin_POST_null
2024-09-06 15:34:56, /api/v1/visits, GET, GOLD,1360.0,/api/v1/visits_GET_GOLD
2024-09-06 15:35:01, /api/v1/pets, GET, GOLD,672.0,/api/v1/pets_GET_GOLD
2024-09-06 15:34:46, /api/v1/auth/signin, POST, null,2477.0,/api/v1/auth/signin_POST_null
2024-09-06 15:35:06, /api/v1/visits, GET, GOLD,608.0,/api/v1/visits_GET_GOLD
2024-09-06 15:34:56, /api/v1/pets, POST, GOLD,996.0,/api/v1/pets_POST_GOLD
2024-09-06 15:34:51, /api/v1/auth/signin, POST, null,708.0,/api/v1/auth/signin_POST_null
2024-09-06 15:34:51, /api/v1/pets, GET, GOLD,1671.0,/api/v1/pets_GET_GOLD
2024-09-06 15:34:46, /api/v1/auth/signup, POST, null,4660.0,/api/v1/auth/signup_POST_null
2024-09-06 15:34:51, /api/v1/auth/signin, POST, null,1847.0,/api/v1/auth/signin_POST_null
2024-09-06 15:34:46, /api/v1/auth/signup, POST, null,4708.0,/api/v1/auth/signup_POST_null
2024-09-06 15:34:51, /api/v1/pets, GET, GOLD,831.0,/api/v1/pets_GET_GOLD
2024-09-06 15:34:51, /api/v1/auth/signin, POST, null,6045.0,/api/v1/auth/signin_POST_null
2024-09-06 15:34:46, /api/v1/auth/signup, POST, null,4137.0,/api/v1/auth/signup_POST_null
2024-09-06 15:35:01, /api/v1/pets, GET, GOLD,265.0,/api/v1/pets_GET_GOLD
2024-09-06 15:34:46, /api/v1/auth/signup, POST, null,3017.0,/api/v1/auth/signup_POST_null
2024-09-06 15:34:46, /api/v1/clinics, GET, null,4877.0,/api/v1/clinics_GET_null
2024-09-06 15:34:46, /api/v1/auth/signin, POST, null,2835.0,/api/v1/auth/signin_POST_null
2024-09-06 15:35:01, /api/v1/pets, POST, GOLD,1533.0,/api/v1/pets_POST_GOLD
2024-09-06 15:35:06, /api/v1/visits, GET, GOLD,623.0,/api/v1/visits_GET_GOLD
2024-09-06 15:34:56, /api/v1/visits, GET, GOLD,536.0,/api/v1/visits_GET_GOLD
2024-09-06 15:35:06, /api/v1/pets/622, DELETE, GOLD,791.0,/api/v1/pets/622_DELETE_GOLD
2024-09-06 15:35:06, /api/v1/pets, GET, GOLD,491.0,/api/v1/pets_GET_GOLD
2024-09-06 15:34:46, /api/v1/auth/signup, POST, null,3946.0,/api/v1/auth/signup_POST_null
2024-09-06 15:35:06, /api/v1/visits, GET, GOLD,662.0,/api/v1/visits_GET_GOLD
2024-09-06 15:34:56, /api/v1/pets, POST, GOLD,753.0,/api/v1/pets_POST_GOLD
2024-09-06 15:34:51, /api/v1/auth/signin, POST, null,1706.0,/api/v1/auth/signin_POST_null
2024-09-06 15:34:56, /api/v1/pets/types, GET, GOLD,474.0,/api/v1/pets/types_GET_GOLD
2024-09-06 15:35:01, /api/v1/pets, GET, GOLD,734.0,/api/v1/pets_GET_GOLD
2024-09-06 15:35:01, /api/v1/pets, GET, GOLD,1441.0,/api/v1/pets_GET_GOLD
2024-09-06 15:34:56, /api/v1/pets/types, GET, GOLD,365.0,/api/v1/pets/types_GET_GOLD
2024-09-06 15:34:46, /api/v1/auth/signup, POST, null,3127.0,/api/v1/auth/signup_POST_null
2024-09-06 15:34:46, /api/v1/auth/signup, POST, null,4742.0,/api/v1/auth/signup_POST_null
2024-09-06 15:34:56, /api/v1/pets, POST, GOLD,343.0,/api/v1/pets_POST_GOLD
2024-09-06 15:34:51, /api/v1/pets, GET, GOLD,1473.0,/api/v1/pets_GET_GOLD
2024-09-06 15:34:56, /api/v1/pets, POST, GOLD,1294.0,/api/v1/pets_POST_GOLD
2024-09-06 15:35:06, /api/v1/pets/627, DELETE, GOLD,908.0,/api/v1/pets/627_DELETE_GOLD
2024-09-06 15:35:01, /api/v1/pets, POST, GOLD,936.0,/api/v1/pets_POST_GOLD
2024-09-06 15:35:06, /api/v1/visits, GET, GOLD,1786.0,/api/v1/visits_GET_GOLD
2024-09-06 15:34:56, /api/v1/pets/types, GET, GOLD,351.0,/api/v1/pets/types_GET_GOLD
2024-09-06 15:34:56, /api/v1/pets/types, GET, GOLD,871.0,/api/v1/pets/types_GET_GOLD
2024-09-06 15:34:46, /api/v1/auth/signin, POST, null,1926.0,/api/v1/auth/signin_POST_null
2024-09-06 15:34:51, /api/v1/pets, GET, GOLD,1283.0,/api/v1/pets_GET_GOLD
2024-09-06 15:35:06, /api/v1/pets, GET, GOLD,1825.0,/api/v1/pets_GET_GOLD
2024-09-06 15:34:56, /api/v1/visits, GET, GOLD,962.0,/api/v1/visits_GET_GOLD
2024-09-06 15:34:51, /api/v1/pets, GET, GOLD,1414.0,/api/v1/pets_GET_GOLD
2024-09-06 15:34:46, /api/v1/auth/signin, POST, null,2246.0,/api/v1/auth/signin_POST_null
2024-09-06 15:35:01, /api/v1/pets, POST, GOLD,710.0,/api/v1/pets_POST_GOLD
2024-09-06 15:34:46, /api/v1/auth/signin, POST, null,1946.0,/api/v1/auth/signin_POST_null
2024-09-06 15:34:51, /api/v1/pets, GET, GOLD,1302.0,/api/v1/pets_GET_GOLD
2024-09-06 15:34:51, /api/v1/auth/signin, POST, null,2353.0,/api/v1/auth/signin_POST_null
2024-09-06 15:34:46, /api/v1/auth/signin, POST, null,3170.0,/api/v1/auth/signin_POST_null
2024-09-06 15:35:06, /api/v1/pets/619, DELETE, GOLD,911.0,/api/v1/pets/619_DELETE_GOLD
2024-09-06 15:34:56, /api/v1/visits, GET, GOLD,1602.0,/api/v1/visits_GET_GOLD
2024-09-06 15:35:01, /api/v1/pets, GET, GOLD,646.0,/api/v1/pets_GET_GOLD
2024-09-06 15:34:46, /api/v1/auth/signin, POST, null,3551.0,/api/v1/auth/signin_POST_null
2024-09-06 15:35:06, /api/v1/pets/607, DELETE, GOLD,533.0,/api/v1/pets/607_DELETE_GOLD
2024-09-06 15:35:06, /api/v1/pets, GET, GOLD,1342.0,/api/v1/pets_GET_GOLD
2024-09-06 15:35:01, /api/v1/pets, GET, GOLD,135.0,/api/v1/pets_GET_GOLD
2024-09-06 15:34:46, /api/v1/auth/signin, POST, null,3440.0,/api/v1/auth/signin_POST_null
2024-09-06 15:34:56, /api/v1/pets/types, GET, GOLD,635.0,/api/v1/pets/types_GET_GOLD
2024-09-06 15:35:06, /api/v1/visits, GET, GOLD,1219.0,/api/v1/visits_GET_GOLD
2024-09-06 15:34:41, /api/v1/clinics, GET, null,94.0,/api/v1/clinics_GET_null
2024-09-06 15:34:46, /api/v1/clinics, GET, null,4828.0,/api/v1/clinics_GET_null
2024-09-06 15:34:41, /api/v1/clinics, GET, null,120.0,/api/v1/clinics_GET_null
2024-09-06 15:35:06, /api/v1/visits, GET, GOLD,1666.0,/api/v1/visits_GET_GOLD
2024-09-06 15:34:51, /api/v1/auth/signin, POST, null,1923.0,/api/v1/auth/signin_POST_null
2024-09-06 15:34:46, /api/v1/auth/signin, POST, null,1037.0,/api/v1/auth/signin_POST_null
2024-09-06 15:34:51, /api/v1/auth/signin, POST, null,2489.0,/api/v1/auth/signin_POST_null
2024-09-06 15:34:56, /api/v1/visits, GET, GOLD,772.0,/api/v1/visits_GET_GOLD
2024-09-06 15:34:51, /api/v1/pets, GET, GOLD,1411.0,/api/v1/pets_GET_GOLD
2024-09-06 15:35:01, /api/v1/pets/types, GET, GOLD,880.0,/api/v1/pets/types_GET_GOLD
2024-09-06 15:34:51, /api/v1/pets, GET, GOLD,1313.0,/api/v1/pets_GET_GOLD
2024-09-06 15:35:06, /api/v1/pets/612, DELETE, GOLD,1513.0,/api/v1/pets/612_DELETE_GOLD
2024-09-06 15:35:06, /api/v1/pets, GET, GOLD,466.0,/api/v1/pets_GET_GOLD
2024-09-06 15:34:46, /api/v1/auth/signup, POST, null,4499.0,/api/v1/auth/signup_POST_null
2024-09-06 15:34:56, /api/v1/pets/types, GET, GOLD,711.0,/api/v1/pets/types_GET_GOLD
2024-09-06 15:35:01, /api/v1/pets, POST, GOLD,828.0,/api/v1/pets_POST_GOLD
2024-09-06 15:34:56, /api/v1/pets/types, GET, GOLD,529.0,/api/v1/pets/types_GET_GOLD
2024-09-06 15:34:41, /api/v1/clinics, GET, null,89.0,/api/v1/clinics_GET_null
2024-09-06 15:34:46, /api/v1/auth/signin, POST, null,1916.0,/api/v1/auth/signin_POST_null
2024-09-06 15:34:51, /api/v1/pets, GET, GOLD,980.0,/api/v1/pets_GET_GOLD
2024-09-06 15:35:01, /api/v1/visits, GET, GOLD,938.0,/api/v1/visits_GET_GOLD
2024-09-06 15:34:46, /api/v1/auth/signin, POST, null,4067.0,/api/v1/auth/signin_POST_null
2024-09-06 15:35:06, /api/v1/visits, GET, GOLD,934.0,/api/v1/visits_GET_GOLD
2024-09-06 15:34:46, /api/v1/auth/signin, POST, null,2431.0,/api/v1/auth/signin_POST_null
2024-09-06 15:35:11, /api/v1/visits, GET, GOLD,429.0,/api/v1/visits_GET_GOLD
2024-09-06 15:35:36, /api/v1/clinics, GET, null,520.0,/api/v1/clinics_GET_null
2024-09-06 15:35:36, /api/v1/auth/signup, POST, null,265.0,/api/v1/auth/signup_POST_null
2024-09-06 15:35:11, /api/v1/visits, GET, GOLD,1194.0,/api/v1/visits_GET_GOLD
2024-09-06 15:35:11, /api/v1/pets, GET, GOLD,627.0,/api/v1/pets_GET_GOLD
2024-09-06 15:35:36, /api/v1/clinics, GET, null,675.0,/api/v1/clinics_GET_null
2024-09-06 15:35:11, /api/v1/visits, GET, GOLD,639.0,/api/v1/visits_GET_GOLD
2024-09-06 15:35:36, /api/v1/clinics, GET, null,645.0,/api/v1/clinics_GET_null
2024-09-06 15:35:36, /api/v1/clinics, GET, null,669.0,/api/v1/clinics_GET_null
2024-09-06 15:35:11, /api/v1/pets, GET, GOLD,157.0,/api/v1/pets_GET_GOLD
2024-09-06 15:35:36, /api/v1/clinics, GET, null,606.0,/api/v1/clinics_GET_null
2024-09-06 15:35:36, /api/v1/clinics, GET, null,604.0,/api/v1/clinics_GET_null
2024-09-06 15:35:11, /api/v1/pets, GET, GOLD,1004.0,/api/v1/pets_GET_GOLD
2024-09-06 15:35:36, /api/v1/auth/signup, POST, null,181.0,/api/v1/auth/signup_POST_null
2024-09-06 15:35:11, /api/v1/pets, GET, GOLD,268.0,/api/v1/pets_GET_GOLD
2024-09-06 15:35:11, /api/v1/visits, GET, GOLD,528.0,/api/v1/visits_GET_GOLD
2024-09-06 15:35:36, /api/v1/clinics, GET, null,739.0,/api/v1/clinics_GET_null
2024-09-06 15:35:36, /api/v1/auth/signup, POST, null,273.0,/api/v1/auth/signup_POST_null
2024-09-06 15:35:36, /api/v1/clinics, GET, null,651.0,/api/v1/clinics_GET_null
2024-09-06 15:35:36, /api/v1/clinics, GET, null,650.0,/api/v1/clinics_GET_null
2024-09-06 15:35:11, /api/v1/pets/689, DELETE, GOLD,568.0,/api/v1/pets/689_DELETE_GOLD
2024-09-06 15:35:11, /api/v1/visits, GET, GOLD,1360.0,/api/v1/visits_GET_GOLD
2024-09-06 15:35:36, /api/v1/clinics, GET, null,646.0,/api/v1/clinics_GET_null
2024-09-06 15:35:36, /api/v1/auth/signup, POST, null,248.0,/api/v1/auth/signup_POST_null
2024-09-06 15:35:36, /api/v1/clinics, GET, null,531.0,/api/v1/clinics_GET_null
2024-09-06 15:35:36, /api/v1/auth/signup, POST, null,188.0,/api/v1/auth/signup_POST_null
2024-09-06 15:35:11, /api/v1/visits, GET, GOLD,691.0,/api/v1/visits_GET_GOLD
2024-09-06 15:35:11, /api/v1/visits, GET, GOLD,519.0,/api/v1/visits_GET_GOLD
2024-09-06 15:35:11, /api/v1/visits, GET, GOLD,692.0,/api/v1/visits_GET_GOLD
2024-09-06 15:35:36, /api/v1/clinics, GET, null,606.0,/api/v1/clinics_GET_null
2024-09-06 15:35:11, /api/v1/pets, GET, GOLD,1267.0,/api/v1/pets_GET_GOLD
2024-09-06 15:35:36, /api/v1/clinics, GET, null,586.0,/api/v1/clinics_GET_null
2024-09-06 15:35:36, /api/v1/clinics, GET, null,598.0,/api/v1/clinics_GET_null
2024-09-06 15:35:36, /api/v1/clinics, GET, null,631.0,/api/v1/clinics_GET_null
2024-09-06 15:35:36, /api/v1/clinics, GET, null,626.0,/api/v1/clinics_GET_null
2024-09-06 15:35:36, /api/v1/auth/signup, POST, null,202.0,/api/v1/auth/signup_POST_null
2024-09-06 15:35:36, /api/v1/clinics, GET, null,511.0,/api/v1/clinics_GET_null
2024-09-06 15:35:36, /api/v1/clinics, GET, null,506.0,/api/v1/clinics_GET_null
2024-09-06 15:35:36, /api/v1/clinics, GET, null,663.0,/api/v1/clinics_GET_null
2024-09-06 15:35:36, /api/v1/clinics, GET, null,664.0,/api/v1/clinics_GET_null
2024-09-06 15:35:36, /api/v1/clinics, GET, null,588.0,/api/v1/clinics_GET_null
2024-09-06 15:35:36, /api/v1/clinics, GET, null,678.0,/api/v1/clinics_GET_null
2024-09-06 15:35:36, /api/v1/clinics, GET, null,671.0,/api/v1/clinics_GET_null
2024-09-06 15:35:36, /api/v1/auth/signup, POST, null,166.0,/api/v1/auth/signup_POST_null
2024-09-06 15:35:11, /api/v1/pets, GET, GOLD,1331.0,/api/v1/pets_GET_GOLD
2024-09-06 15:35:36, /api/v1/clinics, GET, null,566.0,/api/v1/clinics_GET_null
2024-09-06 15:35:36, /api/v1/clinics, GET, null,676.0,/api/v1/clinics_GET_null
2024-09-06 15:35:36, /api/v1/clinics, GET, null,685.0,/api/v1/clinics_GET_null
2024-09-06 15:35:36, /api/v1/clinics, GET, null,674.0,/api/v1/clinics_GET_null
2024-09-06 15:35:11, /api/v1/visits, GET, GOLD,918.0,/api/v1/visits_GET_GOLD
2024-09-06 15:35:36, /api/v1/clinics, GET, null,722.0,/api/v1/clinics_GET_null
2024-09-06 15:35:36, /api/v1/clinics, GET, null,503.0,/api/v1/clinics_GET_null
2024-09-06 15:35:36, /api/v1/clinics, GET, null,629.0,/api/v1/clinics_GET_null
2024-09-06 15:35:36, /api/v1/clinics, GET, null,650.0,/api/v1/clinics_GET_null
2024-09-06 15:35:36, /api/v1/clinics, GET, null,602.0,/api/v1/clinics_GET_null
2024-09-06 15:35:36, /api/v1/clinics, GET, null,678.0,/api/v1/clinics_GET_null
2024-09-06 15:35:11, /api/v1/pets, GET, GOLD,288.0,/api/v1/pets_GET_GOLD
2024-09-06 15:35:36, /api/v1/clinics, GET, null,647.0,/api/v1/clinics_GET_null
2024-09-06 15:35:36, /api/v1/clinics, GET, null,633.0,/api/v1/clinics_GET_null
2024-09-06 15:35:11, /api/v1/visits, GET, GOLD,335.0,/api/v1/visits_GET_GOLD
2024-09-06 15:35:11, /api/v1/visits, GET, GOLD,594.0,/api/v1/visits_GET_GOLD
2024-09-06 15:35:11, /api/v1/visits, GET, GOLD,1050.0,/api/v1/visits_GET_GOLD
2024-09-06 15:35:11, /api/v1/pets, GET, GOLD,734.0,/api/v1/pets_GET_GOLD
2024-09-06 15:35:36, /api/v1/clinics, GET, null,684.0,/api/v1/clinics_GET_null
2024-09-06 15:35:11, /api/v1/pets, GET, GOLD,512.0,/api/v1/pets_GET_GOLD
2024-09-06 15:35:36, /api/v1/clinics, GET, null,617.0,/api/v1/clinics_GET_null
2024-09-06 15:35:36, /api/v1/auth/signup, POST, null,183.0,/api/v1/auth/signup_POST_null
2024-09-06 15:35:36, /api/v1/clinics, GET, null,684.0,/api/v1/clinics_GET_null
2024-09-06 15:35:36, /api/v1/clinics, GET, null,727.0,/api/v1/clinics_GET_null
2024-09-06 15:35:36, /api/v1/auth/signup, POST, null,173.0,/api/v1/auth/signup_POST_null
2024-09-06 15:35:36, /api/v1/clinics, GET, null,628.0,/api/v1/clinics_GET_null
2024-09-06 15:35:11, /api/v1/pets, GET, GOLD,340.0,/api/v1/pets_GET_GOLD
2024-09-06 15:35:36, /api/v1/clinics, GET, null,653.0,/api/v1/clinics_GET_null
2024-09-06 15:35:36, /api/v1/clinics, GET, null,714.0,/api/v1/clinics_GET_null
2024-09-06 15:35:11, /api/v1/pets, GET, GOLD,762.0,/api/v1/pets_GET_GOLD
2024-09-06 15:35:11, /api/v1/pets, GET, GOLD,620.0,/api/v1/pets_GET_GOLD
2024-09-06 15:35:36, /api/v1/clinics, GET, null,675.0,/api/v1/clinics_GET_null
2024-09-06 15:35:36, /api/v1/clinics, GET, null,507.0,/api/v1/clinics_GET_null
2024-09-06 15:35:36, /api/v1/clinics, GET, null,627.0,/api/v1/clinics_GET_null
2024-09-06 15:35:36, /api/v1/clinics, GET, null,658.0,/api/v1/clinics_GET_null
2024-09-06 15:35:36, /api/v1/clinics, GET, null,672.0,/api/v1/clinics_GET_null
2024-09-06 15:35:36, /api/v1/clinics, GET, null,646.0,/api/v1/clinics_GET_null
2024-09-06 15:35:36, /api/v1/clinics, GET, null,664.0,/api/v1/clinics_GET_null
2024-09-06 15:35:36, /api/v1/clinics, GET, null,685.0,/api/v1/clinics_GET_null
2024-09-06 15:35:11, /api/v1/pets/694, DELETE, GOLD,1170.0,/api/v1/pets/694_DELETE_GOLD
2024-09-06 15:35:36, /api/v1/clinics, GET, null,543.0,/api/v1/clinics_GET_null
2024-09-06 15:35:36, /api/v1/auth/signup, POST, null,248.0,/api/v1/auth/signup_POST_null
2024-09-06 15:35:36, /api/v1/clinics, GET, null,680.0,/api/v1/clinics_GET_null
2024-09-06 15:35:36, /api/v1/clinics, GET, null,592.0,/api/v1/clinics_GET_null
2024-09-06 15:35:36, /api/v1/clinics, GET, null,501.0,/api/v1/clinics_GET_null
2024-09-06 15:35:36, /api/v1/clinics, GET, null,672.0,/api/v1/clinics_GET_null
2024-09-06 15:35:11, /api/v1/visits, GET, GOLD,955.0,/api/v1/visits_GET_GOLD
2024-09-06 15:35:36, /api/v1/clinics, GET, null,565.0,/api/v1/clinics_GET_null
2024-09-06 15:35:46, /api/v1/pets, GET, PLATINUM,1390.0,/api/v1/pets_GET_PLATINUM
2024-09-06 15:35:46, /api/v1/auth/signin, POST, null,5098.0,/api/v1/auth/signin_POST_null
2024-09-06 15:36:01, /api/v1/visits, GET, PLATINUM,1370.0,/api/v1/visits_GET_PLATINUM
2024-09-06 15:35:46, /api/v1/auth/signup, POST, null,5171.0,/api/v1/auth/signup_POST_null
2024-09-06 15:36:06, /api/v1/pets, GET, PLATINUM,1495.0,/api/v1/pets_GET_PLATINUM
2024-09-06 15:36:06, /api/v1/pets, GET, PLATINUM,410.0,/api/v1/pets_GET_PLATINUM
2024-09-06 15:36:01, /api/v1/pets/958, DELETE, PLATINUM,911.0,/api/v1/pets/958_DELETE_PLATINUM
2024-09-06 15:35:46, /api/v1/pets, GET, PLATINUM,1074.0,/api/v1/pets_GET_PLATINUM
2024-09-06 15:35:46, /api/v1/pets, GET, PLATINUM,1661.0,/api/v1/pets_GET_PLATINUM
2024-09-06 15:35:56, /api/v1/pets/types, GET, PLATINUM,1292.0,/api/v1/pets/types_GET_PLATINUM
2024-09-06 15:36:06, /api/v1/visits, GET, PLATINUM,1410.0,/api/v1/visits_GET_PLATINUM
2024-09-06 15:36:06, /api/v1/pets/947, DELETE, PLATINUM,1277.0,/api/v1/pets/947_DELETE_PLATINUM
2024-09-06 15:35:46, /api/v1/auth/signin, POST, null,3698.0,/api/v1/auth/signin_POST_null
2024-09-06 15:35:41, /api/v1/auth/signup, POST, null,3986.0,/api/v1/auth/signup_POST_null
2024-09-06 15:35:56, /api/v1/pets, GET, PLATINUM,715.0,/api/v1/pets_GET_PLATINUM
2024-09-06 15:36:06, /api/v1/pets, GET, PLATINUM,308.0,/api/v1/pets_GET_PLATINUM
2024-09-06 15:36:06, /api/v1/pets, GET, PLATINUM,362.0,/api/v1/pets_GET_PLATINUM
2024-09-06 15:35:41, /api/v1/auth/signup, POST, null,4907.0,/api/v1/auth/signup_POST_null
2024-09-06 15:36:06, /api/v1/visits, GET, PLATINUM,1088.0,/api/v1/visits_GET_PLATINUM
2024-09-06 15:35:46, /api/v1/auth/signin, POST, null,1872.0,/api/v1/auth/signin_POST_null
2024-09-06 15:35:56, /api/v1/pets, POST, PLATINUM,433.0,/api/v1/pets_POST_PLATINUM
2024-09-06 15:35:46, /api/v1/auth/signin, POST, null,1323.0,/api/v1/auth/signin_POST_null
2024-09-06 15:36:06, /api/v1/pets, GET, PLATINUM,877.0,/api/v1/pets_GET_PLATINUM
2024-09-06 15:36:06, /api/v1/visits, GET, PLATINUM,1103.0,/api/v1/visits_GET_PLATINUM
2024-09-06 15:36:06, /api/v1/visits, GET, PLATINUM,999.0,/api/v1/visits_GET_PLATINUM
2024-09-06 15:35:56, /api/v1/pets, POST, PLATINUM,1754.0,/api/v1/pets_POST_PLATINUM
2024-09-06 15:35:51, /api/v1/visits, GET, PLATINUM,786.0,/api/v1/visits_GET_PLATINUM
2024-09-06 15:35:56, /api/v1/pets/types, GET, PLATINUM,1359.0,/api/v1/pets/types_GET_PLATINUM
2024-09-06 15:35:56, /api/v1/pets, GET, PLATINUM,985.0,/api/v1/pets_GET_PLATINUM
2024-09-06 15:36:06, /api/v1/visits, GET, PLATINUM,425.0,/api/v1/visits_GET_PLATINUM
2024-09-06 15:35:56, /api/v1/pets, POST, PLATINUM,715.0,/api/v1/pets_POST_PLATINUM
2024-09-06 15:35:46, /api/v1/auth/signin, POST, null,2793.0,/api/v1/auth/signin_POST_null
2024-09-06 15:36:06, /api/v1/pets/977, DELETE, PLATINUM,425.0,/api/v1/pets/977_DELETE_PLATINUM
2024-09-06 15:36:01, /api/v1/visits, GET, PLATINUM,560.0,/api/v1/visits_GET_PLATINUM
2024-09-06 15:35:41, /api/v1/auth/signup, POST, null,4701.0,/api/v1/auth/signup_POST_null
2024-09-06 15:36:06, /api/v1/visits, GET, PLATINUM,1089.0,/api/v1/visits_GET_PLATINUM
2024-09-06 15:36:06, /api/v1/pets, GET, PLATINUM,373.0,/api/v1/pets_GET_PLATINUM
2024-09-06 15:36:06, /api/v1/visits, GET, PLATINUM,92.0,/api/v1/visits_GET_PLATINUM
2024-09-06 15:35:51, /api/v1/visits, GET, PLATINUM,1342.0,/api/v1/visits_GET_PLATINUM
2024-09-06 15:35:46, /api/v1/auth/signin, POST, null,472.0,/api/v1/auth/signin_POST_null
2024-09-06 15:35:56, /api/v1/pets, POST, PLATINUM,876.0,/api/v1/pets_POST_PLATINUM
2024-09-06 15:35:56, /api/v1/pets, GET, PLATINUM,647.0,/api/v1/pets_GET_PLATINUM
2024-09-06 15:35:51, /api/v1/visits, GET, PLATINUM,1356.0,/api/v1/visits_GET_PLATINUM
2024-09-06 15:36:01, /api/v1/visits, GET, PLATINUM,587.0,/api/v1/visits_GET_PLATINUM
2024-09-06 15:35:51, /api/v1/pets/types, GET, PLATINUM,405.0,/api/v1/pets/types_GET_PLATINUM
2024-09-06 15:35:56, /api/v1/pets, POST, PLATINUM,1580.0,/api/v1/pets_POST_PLATINUM
2024-09-06 15:36:01, /api/v1/pets/901, DELETE, PLATINUM,894.0,/api/v1/pets/901_DELETE_PLATINUM
2024-09-06 15:36:06, /api/v1/pets, GET, PLATINUM,711.0,/api/v1/pets_GET_PLATINUM
2024-09-06 15:35:41, /api/v1/auth/signin, POST, null,1902.0,/api/v1/auth/signin_POST_null
2024-09-06 15:35:46, /api/v1/auth/signin, POST, null,2980.0,/api/v1/auth/signin_POST_null
2024-09-06 15:35:41, /api/v1/auth/signup, POST, null,3376.0,/api/v1/auth/signup_POST_null
2024-09-06 15:35:51, /api/v1/pets/types, GET, PLATINUM,684.0,/api/v1/pets/types_GET_PLATINUM
2024-09-06 15:35:51, /api/v1/pets, GET, PLATINUM,2864.0,/api/v1/pets_GET_PLATINUM
2024-09-06 15:35:56, /api/v1/pets, POST, PLATINUM,400.0,/api/v1/pets_POST_PLATINUM
2024-09-06 15:35:46, /api/v1/auth/signin, POST, null,2829.0,/api/v1/auth/signin_POST_null
2024-09-06 15:36:01, /api/v1/pets, POST, PLATINUM,1743.0,/api/v1/pets_POST_PLATINUM
2024-09-06 15:35:41, /api/v1/auth/signin, POST, null,2883.0,/api/v1/auth/signin_POST_null
2024-09-06 15:35:51, /api/v1/pets/types, GET, PLATINUM,386.0,/api/v1/pets/types_GET_PLATINUM
2024-09-06 15:36:01, /api/v1/pets/928, DELETE, PLATINUM,946.0,/api/v1/pets/928_DELETE_PLATINUM
2024-09-06 15:35:41, /api/v1/auth/signup, POST, null,127.0,/api/v1/auth/signup_POST_null
2024-09-06 15:35:46, /api/v1/pets, GET, PLATINUM,1643.0,/api/v1/pets_GET_PLATINUM
2024-09-06 15:36:06, /api/v1/pets, GET, PLATINUM,520.0,/api/v1/pets_GET_PLATINUM
2024-09-06 15:35:56, /api/v1/pets/types, GET, PLATINUM,2063.0,/api/v1/pets/types_GET_PLATINUM
2024-09-06 15:35:41, /api/v1/auth/signin, POST, null,3071.0,/api/v1/auth/signin_POST_null
2024-09-06 15:35:46, /api/v1/pets, GET, PLATINUM,2734.0,/api/v1/pets_GET_PLATINUM
2024-09-06 15:36:01, /api/v1/visits, GET, PLATINUM,326.0,/api/v1/visits_GET_PLATINUM
2024-09-06 15:35:41, /api/v1/auth/signin, POST, null,2568.0,/api/v1/auth/signin_POST_null
2024-09-06 15:36:01, /api/v1/visits, GET, PLATINUM,1524.0,/api/v1/visits_GET_PLATINUM
2024-09-06 15:35:41, /api/v1/auth/signin, POST, null,3368.0,/api/v1/auth/signin_POST_null
2024-09-06 15:36:06, /api/v1/pets/989, DELETE, PLATINUM,1027.0,/api/v1/pets/989_DELETE_PLATINUM
2024-09-06 15:35:41, /api/v1/auth/signin, POST, null,2364.0,/api/v1/auth/signin_POST_null
2024-09-06 15:35:46, /api/v1/auth/signin, POST, null,2410.0,/api/v1/auth/signin_POST_null
2024-09-06 15:35:41, /api/v1/auth/signup, POST, null,4872.0,/api/v1/auth/signup_POST_null
2024-09-06 15:35:41, /api/v1/auth/signin, POST, null,2805.0,/api/v1/auth/signin_POST_null
2024-09-06 15:36:06, /api/v1/visits, GET, PLATINUM,924.0,/api/v1/visits_GET_PLATINUM
2024-09-06 15:35:41, /api/v1/auth/signup, POST, null,5054.0,/api/v1/auth/signup_POST_null
2024-09-06 15:35:56, /api/v1/pets, GET, PLATINUM,479.0,/api/v1/pets_GET_PLATINUM
2024-09-06 15:35:51, /api/v1/visits, GET, PLATINUM,1678.0,/api/v1/visits_GET_PLATINUM
2024-09-06 15:35:56, /api/v1/pets, GET, PLATINUM,1052.0,/api/v1/pets_GET_PLATINUM
2024-09-06 15:36:06, /api/v1/pets, GET, PLATINUM,814.0,/api/v1/pets_GET_PLATINUM
2024-09-06 15:36:06, /api/v1/pets, GET, PLATINUM,1162.0,/api/v1/pets_GET_PLATINUM
2024-09-06 15:35:56, /api/v1/pets, POST, PLATINUM,1361.0,/api/v1/pets_POST_PLATINUM
2024-09-06 15:35:51, /api/v1/pets/types, GET, PLATINUM,534.0,/api/v1/pets/types_GET_PLATINUM
2024-09-06 15:36:06, /api/v1/visits, GET, PLATINUM,749.0,/api/v1/visits_GET_PLATINUM
2024-09-06 15:36:06, /api/v1/visits, GET, PLATINUM,1297.0,/api/v1/visits_GET_PLATINUM
2024-09-06 15:36:01, /api/v1/visits, GET, PLATINUM,892.0,/api/v1/visits_GET_PLATINUM
2024-09-06 15:35:51, /api/v1/visits, GET, PLATINUM,419.0,/api/v1/visits_GET_PLATINUM
2024-09-06 15:35:51, /api/v1/pets/types, GET, PLATINUM,967.0,/api/v1/pets/types_GET_PLATINUM
2024-09-06 15:36:06, /api/v1/pets/988, DELETE, PLATINUM,440.0,/api/v1/pets/988_DELETE_PLATINUM
2024-09-06 15:35:56, /api/v1/pets, POST, PLATINUM,1344.0,/api/v1/pets_POST_PLATINUM
2024-09-06 15:35:56, /api/v1/visits, GET, PLATINUM,1406.0,/api/v1/visits_GET_PLATINUM
2024-09-06 15:35:41, /api/v1/clinics, GET, null,5379.0,/api/v1/clinics_GET_null
2024-09-06 15:35:46, /api/v1/auth/signin, POST, null,2900.0,/api/v1/auth/signin_POST_null
2024-09-06 15:35:41, /api/v1/auth/signup, POST, null,3159.0,/api/v1/auth/signup_POST_null
2024-09-06 15:35:46, /api/v1/pets, GET, PLATINUM,1562.0,/api/v1/pets_GET_PLATINUM
2024-09-06 15:35:51, /api/v1/visits, GET, PLATINUM,2085.0,/api/v1/visits_GET_PLATINUM
2024-09-06 15:35:56, /api/v1/pets, POST, PLATINUM,1330.0,/api/v1/pets_POST_PLATINUM
2024-09-06 15:35:41, /api/v1/auth/signup, POST, null,3297.0,/api/v1/auth/signup_POST_null
2024-09-06 15:36:01, /api/v1/visits, GET, PLATINUM,881.0,/api/v1/visits_GET_PLATINUM
2024-09-06 15:35:46, /api/v1/auth/signin, POST, null,1095.0,/api/v1/auth/signin_POST_null
2024-09-06 15:36:06, /api/v1/visits, GET, PLATINUM,1400.0,/api/v1/visits_GET_PLATINUM
2024-09-06 15:35:41, /api/v1/auth/signin, POST, null,4010.0,/api/v1/auth/signin_POST_null
2024-09-06 15:35:56, /api/v1/pets, POST, PLATINUM,545.0,/api/v1/pets_POST_PLATINUM
2024-09-06 15:35:46, /api/v1/auth/signin, POST, null,139.0,/api/v1/auth/signin_POST_null
2024-09-06 15:35:46, /api/v1/auth/signin, POST, null,2247.0,/api/v1/auth/signin_POST_null
2024-09-06 15:36:06, /api/v1/pets, GET, PLATINUM,673.0,/api/v1/pets_GET_PLATINUM
2024-09-06 15:36:06, /api/v1/pets, GET, PLATINUM,860.0,/api/v1/pets_GET_PLATINUM
2024-09-06 15:35:46, /api/v1/auth/signin, POST, null,5031.0,/api/v1/auth/signin_POST_null
2024-09-06 15:35:41, /api/v1/clinics, GET, null,5484.0,/api/v1/clinics_GET_null
2024-09-06 15:35:51, /api/v1/pets/types, GET, PLATINUM,1092.0,/api/v1/pets/types_GET_PLATINUM
2024-09-06 15:35:46, /api/v1/auth/signin, POST, null,4869.0,/api/v1/auth/signin_POST_null
2024-09-06 15:35:51, /api/v1/visits, GET, PLATINUM,999.0,/api/v1/visits_GET_PLATINUM
2024-09-06 15:35:51, /api/v1/visits, GET, PLATINUM,481.0,/api/v1/visits_GET_PLATINUM
2024-09-06 15:35:51, /api/v1/pets/types, GET, PLATINUM,894.0,/api/v1/pets/types_GET_PLATINUM
2024-09-06 15:35:51, /api/v1/pets/types, GET, PLATINUM,580.0,/api/v1/pets/types_GET_PLATINUM
2024-09-06 15:36:06, /api/v1/pets, GET, PLATINUM,412.0,/api/v1/pets_GET_PLATINUM
2024-09-06 15:36:06, /api/v1/visits, GET, PLATINUM,1004.0,/api/v1/visits_GET_PLATINUM
2024-09-06 15:36:01, /api/v1/visits, GET, PLATINUM,336.0,/api/v1/visits_GET_PLATINUM
2024-09-06 15:35:41, /api/v1/auth/signup, POST, null,5148.0,/api/v1/auth/signup_POST_null
2024-09-06 15:35:41, /api/v1/clinics, GET, null,5377.0,/api/v1/clinics_GET_null
2024-09-06 15:35:41, /api/v1/auth/signup, POST, null,3999.0,/api/v1/auth/signup_POST_null
2024-09-06 15:35:51, /api/v1/pets, POST, PLATINUM,827.0,/api/v1/pets_POST_PLATINUM
2024-09-06 15:36:06, /api/v1/pets, GET, PLATINUM,328.0,/api/v1/pets_GET_PLATINUM
2024-09-06 15:35:51, /api/v1/visits, GET, PLATINUM,820.0,/api/v1/visits_GET_PLATINUM
2024-09-06 15:35:41, /api/v1/auth/signup, POST, null,5134.0,/api/v1/auth/signup_POST_null
2024-09-06 15:35:41, /api/v1/auth/signup, POST, null,3829.0,/api/v1/auth/signup_POST_null
2024-09-06 15:35:41, /api/v1/auth/signin, POST, null,4183.0,/api/v1/auth/signin_POST_null
2024-09-06 15:35:41, /api/v1/auth/signin, POST, null,2305.0,/api/v1/auth/signin_POST_null
2024-09-06 15:35:41, /api/v1/auth/signup, POST, null,3868.0,/api/v1/auth/signup_POST_null
2024-09-06 15:36:01, /api/v1/visits, GET, PLATINUM,1455.0,/api/v1/visits_GET_PLATINUM
2024-09-06 15:36:01, /api/v1/pets/919, DELETE, PLATINUM,949.0,/api/v1/pets/919_DELETE_PLATINUM
2024-09-06 15:35:51, /api/v1/visits, GET, PLATINUM,1547.0,/api/v1/visits_GET_PLATINUM
2024-09-06 15:35:41, /api/v1/auth/signin, POST, null,3827.0,/api/v1/auth/signin_POST_null
2024-09-06 15:35:46, /api/v1/pets, GET, PLATINUM,3517.0,/api/v1/pets_GET_PLATINUM
2024-09-06 15:35:46, /api/v1/pets, GET, PLATINUM,2050.0,/api/v1/pets_GET_PLATINUM
2024-09-06 15:35:51, /api/v1/pets/types, GET, PLATINUM,1448.0,/api/v1/pets/types_GET_PLATINUM
2024-09-06 15:36:01, /api/v1/visits, GET, PLATINUM,474.0,/api/v1/visits_GET_PLATINUM
2024-09-06 15:36:01, /api/v1/pets/931, DELETE, PLATINUM,656.0,/api/v1/pets/931_DELETE_PLATINUM
2024-09-06 15:36:01, /api/v1/pets/920, DELETE, PLATINUM,1161.0,/api/v1/pets/920_DELETE_PLATINUM
2024-09-06 15:35:41, /api/v1/auth/signup, POST, null,4008.0,/api/v1/auth/signup_POST_null
2024-09-06 15:35:56, /api/v1/pets, GET, PLATINUM,522.0,/api/v1/pets_GET_PLATINUM
2024-09-06 15:35:46, /api/v1/auth/signin, POST, null,3690.0,/api/v1/auth/signin_POST_null
2024-09-06 15:36:01, /api/v1/visits, GET, PLATINUM,1250.0,/api/v1/visits_GET_PLATINUM
2024-09-06 15:35:56, /api/v1/pets, GET, PLATINUM,799.0,/api/v1/pets_GET_PLATINUM
2024-09-06 15:35:51, /api/v1/visits, GET, PLATINUM,1429.0,/api/v1/visits_GET_PLATINUM
2024-09-06 15:35:41, /api/v1/auth/signup, POST, null,5120.0,/api/v1/auth/signup_POST_null
2024-09-06 15:36:06, /api/v1/pets, GET, PLATINUM,790.0,/api/v1/pets_GET_PLATINUM
2024-09-06 15:35:46, /api/v1/auth/signin, POST, null,2326.0,/api/v1/auth/signin_POST_null
2024-09-06 15:35:56, /api/v1/pets/types, GET, PLATINUM,737.0,/api/v1/pets/types_GET_PLATINUM
2024-09-06 15:35:46, /api/v1/auth/signin, POST, null,4873.0,/api/v1/auth/signin_POST_null
2024-09-06 15:35:51, /api/v1/pets/types, GET, PLATINUM,765.0,/api/v1/pets/types_GET_PLATINUM
2024-09-06 15:36:06, /api/v1/visits, GET, PLATINUM,816.0,/api/v1/visits_GET_PLATINUM
2024-09-06 15:35:51, /api/v1/visits, GET, PLATINUM,159.0,/api/v1/visits_GET_PLATINUM
2024-09-06 15:35:51, /api/v1/pets, POST, PLATINUM,615.0,/api/v1/pets_POST_PLATINUM
2024-09-06 15:35:56, /api/v1/pets, POST, PLATINUM,635.0,/api/v1/pets_POST_PLATINUM
2024-09-06 15:35:56, /api/v1/pets, POST, PLATINUM,402.0,/api/v1/pets_POST_PLATINUM
2024-09-06 15:35:41, /api/v1/auth/signup, POST, null,4816.0,/api/v1/auth/signup_POST_null
2024-09-06 15:35:46, /api/v1/auth/signin, POST, null,2486.0,/api/v1/auth/signin_POST_null
2024-09-06 15:35:41, /api/v1/clinics, GET, null,5386.0,/api/v1/clinics_GET_null
2024-09-06 15:36:06, /api/v1/pets, GET, PLATINUM,1087.0,/api/v1/pets_GET_PLATINUM
2024-09-06 15:35:56, /api/v1/pets, POST, PLATINUM,171.0,/api/v1/pets_POST_PLATINUM
2024-09-06 15:36:01, /api/v1/visits, GET, PLATINUM,583.0,/api/v1/visits_GET_PLATINUM
2024-09-06 15:35:56, /api/v1/pets, POST, PLATINUM,861.0,/api/v1/pets_POST_PLATINUM
2024-09-06 15:35:41, /api/v1/auth/signup, POST, null,5152.0,/api/v1/auth/signup_POST_null
2024-09-06 15:36:01, /api/v1/visits, GET, PLATINUM,1285.0,/api/v1/visits_GET_PLATINUM
2024-09-06 15:35:41, /api/v1/auth/signup, POST, null,133.0,/api/v1/auth/signup_POST_null
2024-09-06 15:36:01, /api/v1/pets, GET, PLATINUM,1140.0,/api/v1/pets_GET_PLATINUM
2024-09-06 15:35:56, /api/v1/pets, POST, PLATINUM,1205.0,/api/v1/pets_POST_PLATINUM
2024-09-06 15:35:56, /api/v1/pets, POST, PLATINUM,492.0,/api/v1/pets_POST_PLATINUM
2024-09-06 15:36:01, /api/v1/pets/927, DELETE, PLATINUM,709.0,/api/v1/pets/927_DELETE_PLATINUM
2024-09-06 15:35:51, /api/v1/pets/types, GET, PLATINUM,337.0,/api/v1/pets/types_GET_PLATINUM
2024-09-06 15:36:06, /api/v1/pets/993, DELETE, PLATINUM,874.0,/api/v1/pets/993_DELETE_PLATINUM
2024-09-06 15:35:51, /api/v1/visits, GET, PLATINUM,1128.0,/api/v1/visits_GET_PLATINUM
2024-09-06 15:36:01, /api/v1/pets/925, DELETE, PLATINUM,670.0,/api/v1/pets/925_DELETE_PLATINUM
2024-09-06 15:35:51, /api/v1/pets/types, GET, PLATINUM,481.0,/api/v1/pets/types_GET_PLATINUM
2024-09-06 15:35:46, /api/v1/auth/signin, POST, null,5276.0,/api/v1/auth/signin_POST_null
2024-09-06 15:35:56, /api/v1/pets, POST, PLATINUM,399.0,/api/v1/pets_POST_PLATINUM
2024-09-06 15:35:56, /api/v1/pets, POST, PLATINUM,319.0,/api/v1/pets_POST_PLATINUM
2024-09-06 15:35:41, /api/v1/auth/signin, POST, null,3535.0,/api/v1/auth/signin_POST_null
2024-09-06 15:36:06, /api/v1/pets, GET, PLATINUM,427.0,/api/v1/pets_GET_PLATINUM
2024-09-06 15:35:56, /api/v1/pets, POST, PLATINUM,816.0,/api/v1/pets_POST_PLATINUM
2024-09-06 15:35:41, /api/v1/auth/signup, POST, null,4343.0,/api/v1/auth/signup_POST_null
2024-09-06 15:36:46, /api/v1/pets/types, GET, GOLD,493.0,/api/v1/pets/types_GET_GOLD
2024-09-06 15:36:46, /api/v1/visits, GET, GOLD,392.0,/api/v1/visits_GET_GOLD
2024-09-06 15:36:51, /api/v1/pets, POST, GOLD,131.0,/api/v1/pets_POST_GOLD
2024-09-06 15:37:06, /api/v1/clinics, GET, null,269.0,/api/v1/clinics_GET_null
2024-09-06 15:37:01, /api/v1/pets, GET, GOLD,446.0,/api/v1/pets_GET_GOLD
2024-09-06 15:36:56, /api/v1/pets/types, GET, GOLD,413.0,/api/v1/pets/types_GET_GOLD
2024-09-06 15:37:01, /api/v1/auth/signup, POST, null,270.0,/api/v1/auth/signup_POST_null
2024-09-06 15:36:41, /api/v1/visits, GET, GOLD,392.0,/api/v1/visits_GET_GOLD
2024-09-06 15:36:56, /api/v1/pets/types, GET, GOLD,81.0,/api/v1/pets/types_GET_GOLD
2024-09-06 15:37:06, /api/v1/pets/types, GET, GOLD,421.0,/api/v1/pets/types_GET_GOLD
2024-09-06 15:36:46, /api/v1/pets/1010, DELETE, GOLD,271.0,/api/v1/pets/1010_DELETE_GOLD
2024-09-06 15:37:06, /api/v1/pets, GET, GOLD,123.0,/api/v1/pets_GET_GOLD
2024-09-06 15:36:51, /api/v1/pets/1018, DELETE, GOLD,360.0,/api/v1/pets/1018_DELETE_GOLD
2024-09-06 15:36:51, /api/v1/pets/types, GET, GOLD,478.0,/api/v1/pets/types_GET_GOLD
2024-09-06 15:37:01, /api/v1/pets/1035, DELETE, GOLD,315.0,/api/v1/pets/1035_DELETE_GOLD
2024-09-06 15:37:06, /api/v1/auth/signup, POST, null,263.0,/api/v1/auth/signup_POST_null
2024-09-06 15:36:41, /api/v1/auth/signin, POST, null,241.0,/api/v1/auth/signin_POST_null
2024-09-06 15:37:06, /api/v1/visits, GET, GOLD,168.0,/api/v1/visits_GET_GOLD
2024-09-06 15:36:56, /api/v1/pets, GET, GOLD,185.0,/api/v1/pets_GET_GOLD
2024-09-06 15:37:01, /api/v1/pets, POST, GOLD,62.0,/api/v1/pets_POST_GOLD
2024-09-06 15:36:51, /api/v1/visits, GET, GOLD,177.0,/api/v1/visits_GET_GOLD
2024-09-06 15:36:56, /api/v1/pets, GET, GOLD,503.0,/api/v1/pets_GET_GOLD
2024-09-06 15:37:06, /api/v1/pets, GET, GOLD,257.0,/api/v1/pets_GET_GOLD
2024-09-06 15:37:06, /api/v1/visits, GET, GOLD,72.0,/api/v1/visits_GET_GOLD
2024-09-06 15:36:41, /api/v1/pets, POST, GOLD,118.0,/api/v1/pets_POST_GOLD
2024-09-06 15:37:06, /api/v1/pets/1042, DELETE, GOLD,484.0,/api/v1/pets/1042_DELETE_GOLD
2024-09-06 15:37:06, /api/v1/pets/1043, DELETE, GOLD,246.0,/api/v1/pets/1043_DELETE_GOLD
2024-09-06 15:36:46, /api/v1/pets, GET, GOLD,180.0,/api/v1/pets_GET_GOLD
2024-09-06 15:36:41, /api/v1/pets/types, GET, GOLD,25.0,/api/v1/pets/types_GET_GOLD
2024-09-06 15:36:56, /api/v1/pets, POST, GOLD,59.0,/api/v1/pets_POST_GOLD
2024-09-06 15:36:51, /api/v1/clinics, GET, null,287.0,/api/v1/clinics_GET_null
2024-09-06 15:37:01, /api/v1/pets/types, GET, GOLD,467.0,/api/v1/pets/types_GET_GOLD
2024-09-06 15:37:06, /api/v1/auth/signin, POST, null,221.0,/api/v1/auth/signin_POST_null
2024-09-06 15:36:56, /api/v1/auth/signup, POST, null,250.0,/api/v1/auth/signup_POST_null
2024-09-06 15:36:41, /api/v1/pets, GET, GOLD,6.0,/api/v1/pets_GET_GOLD
2024-09-06 15:36:56, /api/v1/visits, GET, GOLD,141.0,/api/v1/visits_GET_GOLD
2024-09-06 15:36:56, /api/v1/visits, GET, GOLD,189.0,/api/v1/visits_GET_GOLD
2024-09-06 15:37:01, /api/v1/visits, GET, GOLD,364.0,/api/v1/visits_GET_GOLD
2024-09-06 15:37:01, /api/v1/visits, GET, GOLD,152.0,/api/v1/visits_GET_GOLD
2024-09-06 15:37:01, /api/v1/auth/signin, POST, null,239.0,/api/v1/auth/signin_POST_null
2024-09-06 15:36:41, /api/v1/pets, GET, GOLD,460.0,/api/v1/pets_GET_GOLD
2024-09-06 15:36:41, /api/v1/auth/signup, POST, null,261.0,/api/v1/auth/signup_POST_null
2024-09-06 15:36:46, /api/v1/visits, GET, GOLD,99.0,/api/v1/visits_GET_GOLD
2024-09-06 15:36:51, /api/v1/pets, GET, GOLD,286.0,/api/v1/pets_GET_GOLD
2024-09-06 15:36:51, /api/v1/auth/signin, POST, null,233.0,/api/v1/auth/signin_POST_null
2024-09-06 15:36:56, /api/v1/pets, GET, GOLD,251.0,/api/v1/pets_GET_GOLD
2024-09-06 15:36:41, /api/v1/pets, POST, GOLD,79.0,/api/v1/pets_POST_GOLD
2024-09-06 15:36:56, /api/v1/visits, GET, GOLD,449.0,/api/v1/visits_GET_GOLD
2024-09-06 15:37:06, /api/v1/pets, POST, GOLD,73.0,/api/v1/pets_POST_GOLD
2024-09-06 15:36:41, /api/v1/pets, POST, GOLD,79.0,/api/v1/pets_POST_GOLD
2024-09-06 15:36:46, /api/v1/auth/signup, POST, null,252.0,/api/v1/auth/signup_POST_null
2024-09-06 15:36:56, /api/v1/pets/1026, DELETE, GOLD,330.0,/api/v1/pets/1026_DELETE_GOLD
2024-09-06 15:37:06, /api/v1/pets, GET, GOLD,395.0,/api/v1/pets_GET_GOLD
2024-09-06 15:36:51, /api/v1/visits, GET, GOLD,181.0,/api/v1/visits_GET_GOLD
2024-09-06 15:36:51, /api/v1/pets, GET, GOLD,285.0,/api/v1/pets_GET_GOLD
2024-09-06 15:37:06, /api/v1/visits, GET, GOLD,307.0,/api/v1/visits_GET_GOLD
2024-09-06 15:36:56, /api/v1/clinics, GET, null,258.0,/api/v1/clinics_GET_null
2024-09-06 15:37:01, /api/v1/pets, GET, GOLD,234.0,/api/v1/pets_GET_GOLD
2024-09-06 15:37:01, /api/v1/clinics, GET, null,290.0,/api/v1/clinics_GET_null
2024-09-06 15:36:51, /api/v1/auth/signup, POST, null,256.0,/api/v1/auth/signup_POST_null
2024-09-06 15:36:56, /api/v1/auth/signin, POST, null,221.0,/api/v1/auth/signin_POST_null
2024-09-06 15:36:46, /api/v1/pets, POST, GOLD,36.0,/api/v1/pets_POST_GOLD
2024-09-06 15:36:46, /api/v1/pets, GET, GOLD,490.0,/api/v1/pets_GET_GOLD
2024-09-06 15:36:41, /api/v1/clinics, GET, null,273.0,/api/v1/clinics_GET_null
2024-09-06 15:36:46, /api/v1/auth/signin, POST, null,202.0,/api/v1/auth/signin_POST_null
2024-09-06 15:36:46, /api/v1/clinics, GET, null,272.0,/api/v1/clinics_GET_null
2024-09-06 15:37:36, /api/v1/auth/signin, POST, null,186.0,/api/v1/auth/signin_POST_null
2024-09-06 15:37:21, /api/v1/pets, GET, GOLD,138.0,/api/v1/pets_GET_GOLD
2024-09-06 15:37:26, /api/v1/visits, GET, GOLD,360.0,/api/v1/visits_GET_GOLD
2024-09-06 15:37:11, /api/v1/pets/types, GET, GOLD,378.0,/api/v1/pets/types_GET_GOLD
2024-09-06 15:37:11, /api/v1/visits, GET, GOLD,99.0,/api/v1/visits_GET_GOLD
2024-09-06 15:37:11, /api/v1/auth/signup, POST, null,239.0,/api/v1/auth/signup_POST_null
2024-09-06 15:37:16, /api/v1/pets, GET, GOLD,502.0,/api/v1/pets_GET_GOLD
2024-09-06 15:37:16, /api/v1/clinics, GET, null,277.0,/api/v1/clinics_GET_null
2024-09-06 15:37:21, /api/v1/clinics, GET, null,277.0,/api/v1/clinics_GET_null
2024-09-06 15:37:26, /api/v1/clinics, GET, null,281.0,/api/v1/clinics_GET_null
2024-09-06 15:37:11, /api/v1/pets/1051, DELETE, GOLD,237.0,/api/v1/pets/1051_DELETE_GOLD
2024-09-06 15:37:11, /api/v1/pets, GET, GOLD,496.0,/api/v1/pets_GET_GOLD
2024-09-06 15:37:36, /api/v1/auth/signup, POST, null,239.0,/api/v1/auth/signup_POST_null
2024-09-06 15:37:16, /api/v1/auth/signin, POST, null,724.0,/api/v1/auth/signin_POST_null
2024-09-06 15:37:26, /api/v1/auth/signup, POST, null,239.0,/api/v1/auth/signup_POST_null
2024-09-06 15:37:21, /api/v1/pets, GET, GOLD,386.0,/api/v1/pets_GET_GOLD
2024-09-06 15:37:11, /api/v1/pets, GET, GOLD,158.0,/api/v1/pets_GET_GOLD
2024-09-06 15:37:31, /api/v1/clinics, GET, null,282.0,/api/v1/clinics_GET_null
2024-09-06 15:37:16, /api/v1/visits, GET, GOLD,58.0,/api/v1/visits_GET_GOLD
2024-09-06 15:37:36, /api/v1/pets/1093, DELETE, GOLD,116.0,/api/v1/pets/1093_DELETE_GOLD
2024-09-06 15:37:36, /api/v1/visits, GET, GOLD,463.0,/api/v1/visits_GET_GOLD
2024-09-06 15:37:21, /api/v1/pets/1067, DELETE, GOLD,506.0,/api/v1/pets/1067_DELETE_GOLD
2024-09-06 15:37:11, /api/v1/visits, GET, GOLD,395.0,/api/v1/visits_GET_GOLD
2024-09-06 15:37:11, /api/v1/pets, POST, GOLD,423.0,/api/v1/pets_POST_GOLD
2024-09-06 15:37:16, /api/v1/pets/types, GET, GOLD,390.0,/api/v1/pets/types_GET_GOLD
2024-09-06 15:37:16, /api/v1/pets, GET, GOLD,351.0,/api/v1/pets_GET_GOLD
2024-09-06 15:37:26, /api/v1/pets/1076, DELETE, GOLD,255.0,/api/v1/pets/1076_DELETE_GOLD
2024-09-06 15:37:36, /api/v1/clinics, GET, null,267.0,/api/v1/clinics_GET_null
2024-09-06 15:37:11, /api/v1/pets, GET, GOLD,24.0,/api/v1/pets_GET_GOLD
2024-09-06 15:37:36, /api/v1/pets, POST, GOLD,278.0,/api/v1/pets_POST_GOLD
2024-09-06 15:37:26, /api/v1/pets, GET, GOLD,134.0,/api/v1/pets_GET_GOLD
2024-09-06 15:37:31, /api/v1/visits, GET, GOLD,262.0,/api/v1/visits_GET_GOLD
2024-09-06 15:37:26, /api/v1/auth/signin, POST, null,197.0,/api/v1/auth/signin_POST_null
2024-09-06 15:37:31, /api/v1/auth/signin, POST, null,732.0,/api/v1/auth/signin_POST_null
2024-09-06 15:37:16, /api/v1/visits, GET, GOLD,434.0,/api/v1/visits_GET_GOLD
2024-09-06 15:37:26, /api/v1/pets, GET, GOLD,192.0,/api/v1/pets_GET_GOLD
2024-09-06 15:37:21, /api/v1/visits, GET, GOLD,288.0,/api/v1/visits_GET_GOLD
2024-09-06 15:37:21, /api/v1/auth/signin, POST, null,239.0,/api/v1/auth/signin_POST_null
2024-09-06 15:37:31, /api/v1/auth/signin, POST, null,233.0,/api/v1/auth/signin_POST_null
2024-09-06 15:37:31, /api/v1/pets/types, GET, GOLD,450.0,/api/v1/pets/types_GET_GOLD
2024-09-06 15:37:21, /api/v1/pets, POST, GOLD,56.0,/api/v1/pets_POST_GOLD
2024-09-06 15:37:21, /api/v1/visits, GET, GOLD,486.0,/api/v1/visits_GET_GOLD
2024-09-06 15:37:36, /api/v1/pets/types, GET, GOLD,137.0,/api/v1/pets/types_GET_GOLD
2024-09-06 15:37:16, /api/v1/auth/signin, POST, null,224.0,/api/v1/auth/signin_POST_null
2024-09-06 15:37:26, /api/v1/pets/types, GET, GOLD,358.0,/api/v1/pets/types_GET_GOLD
2024-09-06 15:37:31, /api/v1/pets, POST, GOLD,63.0,/api/v1/pets_POST_GOLD
2024-09-06 15:37:31, /api/v1/pets, GET, GOLD,328.0,/api/v1/pets_GET_GOLD
2024-09-06 15:37:11, /api/v1/clinics, GET, null,273.0,/api/v1/clinics_GET_null
2024-09-06 15:37:26, /api/v1/visits, GET, GOLD,89.0,/api/v1/visits_GET_GOLD
2024-09-06 15:37:16, /api/v1/visits, GET, GOLD,235.0,/api/v1/visits_GET_GOLD
2024-09-06 15:37:16, /api/v1/pets, GET, GOLD,151.0,/api/v1/pets_GET_GOLD
2024-09-06 15:37:21, /api/v1/pets/types, GET, GOLD,512.0,/api/v1/pets/types_GET_GOLD
2024-09-06 15:37:36, /api/v1/pets, GET, GOLD,26.0,/api/v1/pets_GET_GOLD
2024-09-06 15:37:26, /api/v1/pets, GET, GOLD,445.0,/api/v1/pets_GET_GOLD
2024-09-06 15:37:31, /api/v1/pets, GET, GOLD,473.0,/api/v1/pets_GET_GOLD
2024-09-06 15:37:31, /api/v1/auth/signup, POST, null,257.0,/api/v1/auth/signup_POST_null
2024-09-06 15:37:31, /api/v1/pets, GET, GOLD,44.0,/api/v1/pets_GET_GOLD
2024-09-06 15:37:11, /api/v1/auth/signin, POST, null,220.0,/api/v1/auth/signin_POST_null
2024-09-06 15:37:21, /api/v1/auth/signup, POST, null,259.0,/api/v1/auth/signup_POST_null
2024-09-06 15:37:16, /api/v1/auth/signup, POST, null,235.0,/api/v1/auth/signup_POST_null
2024-09-06 15:37:16, /api/v1/pets/1060, DELETE, GOLD,200.0,/api/v1/pets/1060_DELETE_GOLD
2024-09-06 15:37:26, /api/v1/visits, GET, GOLD,86.0,/api/v1/visits_GET_GOLD
2024-09-06 15:37:31, /api/v1/visits, GET, GOLD,351.0,/api/v1/visits_GET_GOLD
2024-09-06 15:38:31, /api/v1/visits, GET, BASIC,242.0,/api/v1/visits_GET_BASIC
2024-09-06 15:38:31, /api/v1/auth/signup, POST, null,48.0,/api/v1/auth/signup_POST_null
2024-09-06 15:38:36, /api/v1/visits, GET, BASIC,197.0,/api/v1/visits_GET_BASIC
2024-09-06 15:38:36, /api/v1/pets, POST, BASIC,225.0,/api/v1/pets_POST_BASIC
2024-09-06 15:38:31, /api/v1/pets, GET, BASIC,38.0,/api/v1/pets_GET_BASIC
2024-09-06 15:38:26, /api/v1/visits, GET, BASIC,68.0,/api/v1/visits_GET_BASIC
2024-09-06 15:38:31, /api/v1/auth/signin, POST, null,504.0,/api/v1/auth/signin_POST_null
2024-09-06 15:38:26, /api/v1/clinics, GET, null,69.0,/api/v1/clinics_GET_null
2024-09-06 15:38:36, /api/v1/auth/signin, POST, null,534.0,/api/v1/auth/signin_POST_null
2024-09-06 15:38:26, /api/v1/pets, GET, BASIC,74.0,/api/v1/pets_GET_BASIC
2024-09-06 15:38:26, /api/v1/pets, GET, BASIC,181.0,/api/v1/pets_GET_BASIC
2024-09-06 15:38:36, /api/v1/pets, GET, BASIC,316.0,/api/v1/pets_GET_BASIC
2024-09-06 15:38:36, /api/v1/visits, GET, BASIC,476.0,/api/v1/visits_GET_BASIC
2024-09-06 15:38:31, /api/v1/clinics, GET, null,82.0,/api/v1/clinics_GET_null
2024-09-06 15:38:31, /api/v1/pets, POST, BASIC,261.0,/api/v1/pets_POST_BASIC
2024-09-06 15:38:31, /api/v1/pets, GET, BASIC,456.0,/api/v1/pets_GET_BASIC
2024-09-06 15:38:31, /api/v1/auth/signin, POST, null,15.0,/api/v1/auth/signin_POST_null
2024-09-06 15:38:31, /api/v1/pets, GET, BASIC,446.0,/api/v1/pets_GET_BASIC
2024-09-06 15:38:36, /api/v1/pets, GET, BASIC,246.0,/api/v1/pets_GET_BASIC
2024-09-06 15:38:26, /api/v1/pets, GET, BASIC,169.0,/api/v1/pets_GET_BASIC
2024-09-06 15:38:36, /api/v1/pets/1116, DELETE, BASIC,65.0,/api/v1/pets/1116_DELETE_BASIC
2024-09-06 15:38:26, /api/v1/auth/signin, POST, null,509.0,/api/v1/auth/signin_POST_null
2024-09-06 15:38:31, /api/v1/pets, POST, BASIC,444.0,/api/v1/pets_POST_BASIC
2024-09-06 15:38:36, /api/v1/visits, GET, BASIC,125.0,/api/v1/visits_GET_BASIC
2024-09-06 15:38:26, /api/v1/visits, GET, BASIC,75.0,/api/v1/visits_GET_BASIC
2024-09-06 15:38:26, /api/v1/auth/signup, POST, null,22.0,/api/v1/auth/signup_POST_null
2024-09-06 15:38:31, /api/v1/visits, GET, BASIC,330.0,/api/v1/visits_GET_BASIC
2024-09-06 15:38:31, /api/v1/pets, GET, BASIC,165.0,/api/v1/pets_GET_BASIC
2024-09-06 15:38:31, /api/v1/pets/1107, DELETE, BASIC,314.0,/api/v1/pets/1107_DELETE_BASIC
2024-09-06 15:38:36, /api/v1/pets/types, GET, BASIC,296.0,/api/v1/pets/types_GET_BASIC
2024-09-06 15:38:41, /api/v1/visits, GET, BASIC,82.0,/api/v1/visits_GET_BASIC
2024-09-06 15:38:46, /api/v1/auth/signup, POST, null,84.0,/api/v1/auth/signup_POST_null
2024-09-06 15:39:06, /api/v1/visits, GET, BASIC,334.0,/api/v1/visits_GET_BASIC
2024-09-06 15:38:56, /api/v1/visits, GET, BASIC,75.0,/api/v1/visits_GET_BASIC
2024-09-06 15:39:06, /api/v1/pets, POST, BASIC,411.0,/api/v1/pets_POST_BASIC
2024-09-06 15:39:01, /api/v1/auth/signin, POST, null,540.0,/api/v1/auth/signin_POST_null
2024-09-06 15:38:46, /api/v1/pets, POST, BASIC,241.0,/api/v1/pets_POST_BASIC
2024-09-06 15:38:46, /api/v1/clinics, GET, null,96.0,/api/v1/clinics_GET_null
2024-09-06 15:38:56, /api/v1/pets/types, GET, BASIC,340.0,/api/v1/pets/types_GET_BASIC
2024-09-06 15:38:41, /api/v1/auth/signin, POST, null,569.0,/api/v1/auth/signin_POST_null
2024-09-06 15:38:56, /api/v1/pets, POST, BASIC,399.0,/api/v1/pets_POST_BASIC
2024-09-06 15:39:06, /api/v1/auth/signin, POST, null,551.0,/api/v1/auth/signin_POST_null
2024-09-06 15:38:46, /api/v1/pets/1133, DELETE, BASIC,325.0,/api/v1/pets/1133_DELETE_BASIC
2024-09-06 15:38:56, /api/v1/pets/1150, DELETE, BASIC,270.0,/api/v1/pets/1150_DELETE_BASIC
2024-09-06 15:38:51, /api/v1/auth/signup, POST, null,544.0,/api/v1/auth/signup_POST_null
2024-09-06 15:38:51, /api/v1/pets/types, GET, BASIC,233.0,/api/v1/pets/types_GET_BASIC
2024-09-06 15:38:41, /api/v1/auth/signin, POST, null,17.0,/api/v1/auth/signin_POST_null
2024-09-06 15:39:01, /api/v1/pets, GET, BASIC,314.0,/api/v1/pets_GET_BASIC
2024-09-06 15:39:01, /api/v1/auth/signup, POST, null,22.0,/api/v1/auth/signup_POST_null
2024-09-06 15:38:56, /api/v1/pets, GET, BASIC,134.0,/api/v1/pets_GET_BASIC
2024-09-06 15:38:41, /api/v1/pets, GET, BASIC,179.0,/api/v1/pets_GET_BASIC
2024-09-06 15:39:06, /api/v1/pets, GET, BASIC,424.0,/api/v1/pets_GET_BASIC
2024-09-06 15:39:06, /api/v1/pets/types, GET, BASIC,297.0,/api/v1/pets/types_GET_BASIC
2024-09-06 15:38:41, /api/v1/pets/types, GET, BASIC,281.0,/api/v1/pets/types_GET_BASIC
2024-09-06 15:38:46, /api/v1/pets, GET, BASIC,222.0,/api/v1/pets_GET_BASIC
2024-09-06 15:39:01, /api/v1/visits, GET, BASIC,450.0,/api/v1/visits_GET_BASIC
2024-09-06 15:38:51, /api/v1/auth/signin, POST, null,485.0,/api/v1/auth/signin_POST_null
2024-09-06 15:38:41, /api/v1/visits, GET, BASIC,179.0,/api/v1/visits_GET_BASIC
2024-09-06 15:38:41, /api/v1/pets, GET, BASIC,35.0,/api/v1/pets_GET_BASIC
2024-09-06 15:38:56, /api/v1/pets, GET, BASIC,129.0,/api/v1/pets_GET_BASIC
2024-09-06 15:38:51, /api/v1/pets, GET, BASIC,150.0,/api/v1/pets_GET_BASIC
2024-09-06 15:38:51, /api/v1/visits, GET, BASIC,137.0,/api/v1/visits_GET_BASIC
2024-09-06 15:39:06, /api/v1/pets, GET, BASIC,13.0,/api/v1/pets_GET_BASIC
2024-09-06 15:38:51, /api/v1/pets, POST, BASIC,343.0,/api/v1/pets_POST_BASIC
2024-09-06 15:39:06, /api/v1/pets/1166, DELETE, BASIC,493.0,/api/v1/pets/1166_DELETE_BASIC
2024-09-06 15:39:01, /api/v1/pets, POST, BASIC,404.0,/api/v1/pets_POST_BASIC
2024-09-06 15:39:06, /api/v1/pets, GET, BASIC,412.0,/api/v1/pets_GET_BASIC
2024-09-06 15:39:06, /api/v1/pets, GET, BASIC,171.0,/api/v1/pets_GET_BASIC
2024-09-06 15:39:06, /api/v1/visits, GET, BASIC,97.0,/api/v1/visits_GET_BASIC
2024-09-06 15:38:46, /api/v1/auth/signin, POST, null,48.0,/api/v1/auth/signin_POST_null
2024-09-06 15:38:41, /api/v1/pets, POST, BASIC,473.0,/api/v1/pets_POST_BASIC
2024-09-06 15:38:46, /api/v1/visits, GET, BASIC,484.0,/api/v1/visits_GET_BASIC
2024-09-06 15:38:46, /api/v1/auth/signin, POST, null,542.0,/api/v1/auth/signin_POST_null
2024-09-06 15:39:01, /api/v1/visits, GET, BASIC,220.0,/api/v1/visits_GET_BASIC
2024-09-06 15:39:01, /api/v1/pets, GET, BASIC,153.0,/api/v1/pets_GET_BASIC
2024-09-06 15:38:56, /api/v1/clinics, GET, null,65.0,/api/v1/clinics_GET_null
2024-09-06 15:38:46, /api/v1/visits, GET, BASIC,115.0,/api/v1/visits_GET_BASIC
2024-09-06 15:38:51, /api/v1/visits, GET, BASIC,73.0,/api/v1/visits_GET_BASIC
2024-09-06 15:38:56, /api/v1/auth/signin, POST, null,525.0,/api/v1/auth/signin_POST_null
2024-09-06 15:38:41, /api/v1/pets/1125, DELETE, BASIC,334.0,/api/v1/pets/1125_DELETE_BASIC
2024-09-06 15:38:46, /api/v1/visits, GET, BASIC,198.0,/api/v1/visits_GET_BASIC
2024-09-06 15:38:46, /api/v1/pets, GET, BASIC,263.0,/api/v1/pets_GET_BASIC
2024-09-06 15:38:51, /api/v1/pets/1141, DELETE, BASIC,32.0,/api/v1/pets/1141_DELETE_BASIC
2024-09-06 15:38:46, /api/v1/pets, GET, BASIC,304.0,/api/v1/pets_GET_BASIC
2024-09-06 15:39:01, /api/v1/clinics, GET, null,41.0,/api/v1/clinics_GET_null
2024-09-06 15:38:51, /api/v1/pets, GET, BASIC,226.0,/api/v1/pets_GET_BASIC
2024-09-06 15:38:41, /api/v1/pets, GET, BASIC,249.0,/api/v1/pets_GET_BASIC
2024-09-06 15:39:01, /api/v1/pets/1158, DELETE, BASIC,421.0,/api/v1/pets/1158_DELETE_BASIC
2024-09-06 15:38:46, /api/v1/visits, GET, BASIC,115.0,/api/v1/visits_GET_BASIC
2024-09-06 15:38:41, /api/v1/auth/signup, POST, null,35.0,/api/v1/auth/signup_POST_null
2024-09-06 15:38:41, /api/v1/clinics, GET, null,72.0,/api/v1/clinics_GET_null
2024-09-06 15:38:51, /api/v1/visits, GET, BASIC,465.0,/api/v1/visits_GET_BASIC
2024-09-06 15:39:06, /api/v1/visits, GET, BASIC,310.0,/api/v1/visits_GET_BASIC
2024-09-06 15:39:16, /api/v1/auth/signin, POST, null,516.0,/api/v1/auth/signin_POST_null
2024-09-06 15:39:16, /api/v1/pets/1184, DELETE, BASIC,117.0,/api/v1/pets/1184_DELETE_BASIC
2024-09-06 15:39:26, /api/v1/pets/1200, DELETE, BASIC,326.0,/api/v1/pets/1200_DELETE_BASIC
2024-09-06 15:39:16, /api/v1/pets, GET, BASIC,66.0,/api/v1/pets_GET_BASIC
2024-09-06 15:39:21, /api/v1/pets, POST, BASIC,357.0,/api/v1/pets_POST_BASIC
2024-09-06 15:39:16, /api/v1/visits, GET, BASIC,498.0,/api/v1/visits_GET_BASIC
2024-09-06 15:39:11, /api/v1/visits, GET, BASIC,198.0,/api/v1/visits_GET_BASIC
2024-09-06 15:39:16, /api/v1/visits, GET, BASIC,246.0,/api/v1/visits_GET_BASIC
2024-09-06 15:39:21, /api/v1/pets, GET, BASIC,318.0,/api/v1/pets_GET_BASIC
2024-09-06 15:39:21, /api/v1/visits, GET, BASIC,153.0,/api/v1/visits_GET_BASIC
2024-09-06 15:39:11, /api/v1/auth/signup, POST, null,47.0,/api/v1/auth/signup_POST_null
2024-09-06 15:39:16, /api/v1/pets, GET, BASIC,195.0,/api/v1/pets_GET_BASIC
2024-09-06 15:39:11, /api/v1/pets/types, GET, BASIC,274.0,/api/v1/pets/types_GET_BASIC
2024-09-06 15:39:21, /api/v1/pets, GET, BASIC,222.0,/api/v1/pets_GET_BASIC
2024-09-06 15:39:16, /api/v1/auth/signup, POST, null,63.0,/api/v1/auth/signup_POST_null
2024-09-06 15:39:21, /api/v1/auth/signin, POST, null,555.0,/api/v1/auth/signin_POST_null
2024-09-06 15:39:16, /api/v1/clinics, GET, null,77.0,/api/v1/clinics_GET_null
2024-09-06 15:39:26, /api/v1/pets, GET, BASIC,218.0,/api/v1/pets_GET_BASIC
2024-09-06 15:39:16, /api/v1/auth/signin, POST, null,37.0,/api/v1/auth/signin_POST_null
2024-09-06 15:39:26, /api/v1/visits, GET, BASIC,144.0,/api/v1/visits_GET_BASIC
2024-09-06 15:39:16, /api/v1/pets/1183, DELETE, BASIC,430.0,/api/v1/pets/1183_DELETE_BASIC
2024-09-06 15:39:21, /api/v1/visits, GET, BASIC,112.0,/api/v1/visits_GET_BASIC
2024-09-06 15:39:21, /api/v1/pets/types, GET, BASIC,283.0,/api/v1/pets/types_GET_BASIC
2024-09-06 15:39:16, /api/v1/visits, GET, BASIC,124.0,/api/v1/visits_GET_BASIC
2024-09-06 15:39:21, /api/v1/pets/1191, DELETE, BASIC,358.0,/api/v1/pets/1191_DELETE_BASIC
2024-09-06 15:39:11, /api/v1/pets, POST, BASIC,306.0,/api/v1/pets_POST_BASIC
2024-09-06 15:39:16, /api/v1/pets, GET, BASIC,362.0,/api/v1/pets_GET_BASIC
2024-09-06 15:39:16, /api/v1/pets, POST, BASIC,246.0,/api/v1/pets_POST_BASIC
2024-09-06 15:39:11, /api/v1/pets, GET, BASIC,272.0,/api/v1/pets_GET_BASIC
2024-09-06 15:39:11, /api/v1/pets/1175, DELETE, BASIC,409.0,/api/v1/pets/1175_DELETE_BASIC
2024-09-06 15:39:11, /api/v1/pets, GET, BASIC,128.0,/api/v1/pets_GET_BASIC
2024-09-06 15:39:11, /api/v1/clinics, GET, null,70.0,/api/v1/clinics_GET_null
2024-09-06 15:39:21, /api/v1/pets, GET, BASIC,182.0,/api/v1/pets_GET_BASIC
2024-09-06 15:39:11, /api/v1/auth/signin, POST, null,3.0,/api/v1/auth/signin_POST_null
2024-09-06 15:39:11, /api/v1/auth/signin, POST, null,547.0,/api/v1/auth/signin_POST_null
2024-09-06 15:39:21, /api/v1/visits, GET, BASIC,155.0,/api/v1/visits_GET_BASIC
2024-09-06 15:39:56, /api/v1/auth/signin, POST, null,231.0,/api/v1/auth/signin_POST_null
2024-09-06 15:40:01, /api/v1/visits, GET, PLATINUM,449.0,/api/v1/visits_GET_PLATINUM
2024-09-06 15:40:01, /api/v1/auth/signup, POST, null,290.0,/api/v1/auth/signup_POST_null
2024-09-06 15:40:06, /api/v1/auth/signup, POST, null,303.0,/api/v1/auth/signup_POST_null
2024-09-06 15:39:56, /api/v1/auth/signup, POST, null,302.0,/api/v1/auth/signup_POST_null
2024-09-06 15:39:56, /api/v1/pets, GET, PLATINUM,321.0,/api/v1/pets_GET_PLATINUM
2024-09-06 15:40:06, /api/v1/pets/types, GET, PLATINUM,86.0,/api/v1/pets/types_GET_PLATINUM
2024-09-06 15:40:01, /api/v1/visits, GET, PLATINUM,138.0,/api/v1/visits_GET_PLATINUM
2024-09-06 15:40:01, /api/v1/visits, GET, PLATINUM,450.0,/api/v1/visits_GET_PLATINUM
2024-09-06 15:40:06, /api/v1/pets, POST, PLATINUM,303.0,/api/v1/pets_POST_PLATINUM
2024-09-06 15:39:56, /api/v1/visits, GET, PLATINUM,160.0,/api/v1/visits_GET_PLATINUM
2024-09-06 15:40:06, /api/v1/clinics, GET, null,324.0,/api/v1/clinics_GET_null
2024-09-06 15:39:56, /api/v1/auth/signin, POST, null,680.0,/api/v1/auth/signin_POST_null
2024-09-06 15:39:56, /api/v1/visits, GET, PLATINUM,310.0,/api/v1/visits_GET_PLATINUM
2024-09-06 15:40:06, /api/v1/auth/signin, POST, null,283.0,/api/v1/auth/signin_POST_null
2024-09-06 15:39:56, /api/v1/visits, GET, PLATINUM,501.0,/api/v1/visits_GET_PLATINUM
2024-09-06 15:40:06, /api/v1/pets, GET, PLATINUM,383.0,/api/v1/pets_GET_PLATINUM
2024-09-06 15:40:06, /api/v1/pets, GET, PLATINUM,20.0,/api/v1/pets_GET_PLATINUM
2024-09-06 15:40:01, /api/v1/clinics, GET, null,309.0,/api/v1/clinics_GET_null
2024-09-06 15:39:56, /api/v1/pets/types, GET, PLATINUM,261.0,/api/v1/pets/types_GET_PLATINUM
2024-09-06 15:39:56, /api/v1/pets, GET, PLATINUM,383.0,/api/v1/pets_GET_PLATINUM
2024-09-06 15:40:01, /api/v1/auth/signin, POST, null,261.0,/api/v1/auth/signin_POST_null
2024-09-06 15:39:56, /api/v1/pets, GET, PLATINUM,226.0,/api/v1/pets_GET_PLATINUM
2024-09-06 15:40:06, /api/v1/visits, GET, PLATINUM,254.0,/api/v1/visits_GET_PLATINUM
2024-09-06 15:40:01, /api/v1/pets, GET, PLATINUM,305.0,/api/v1/pets_GET_PLATINUM
2024-09-06 15:40:01, /api/v1/pets/1213, DELETE, PLATINUM,71.0,/api/v1/pets/1213_DELETE_PLATINUM
2024-09-06 15:40:01, /api/v1/pets, GET, PLATINUM,212.0,/api/v1/pets_GET_PLATINUM
2024-09-06 15:39:56, /api/v1/clinics, GET, null,320.0,/api/v1/clinics_GET_null
2024-09-06 15:40:06, /api/v1/visits, GET, PLATINUM,467.0,/api/v1/visits_GET_PLATINUM
2024-09-06 15:40:01, /api/v1/visits, GET, PLATINUM,235.0,/api/v1/visits_GET_PLATINUM
2024-09-06 15:40:01, /api/v1/pets/1212, DELETE, PLATINUM,382.0,/api/v1/pets/1212_DELETE_PLATINUM
2024-09-06 15:39:56, /api/v1/pets/1204, DELETE, PLATINUM,389.0,/api/v1/pets/1204_DELETE_PLATINUM
2024-09-06 15:40:06, /api/v1/pets/types, GET, PLATINUM,275.0,/api/v1/pets/types_GET_PLATINUM
2024-09-06 15:39:56, /api/v1/visits, GET, PLATINUM,202.0,/api/v1/visits_GET_PLATINUM
2024-09-06 15:39:56, /api/v1/visits, GET, PLATINUM,524.0,/api/v1/visits_GET_PLATINUM
2024-09-06 15:40:01, /api/v1/pets/types, GET, PLATINUM,382.0,/api/v1/pets/types_GET_PLATINUM
2024-09-06 15:40:36, /api/v1/visits, GET, PLATINUM,268.0,/api/v1/visits_GET_PLATINUM
2024-09-06 15:40:26, /api/v1/clinics, GET, null,301.0,/api/v1/clinics_GET_null
2024-09-06 15:40:31, /api/v1/clinics, GET, null,340.0,/api/v1/clinics_GET_null
2024-09-06 15:40:16, /api/v1/visits, GET, PLATINUM,86.0,/api/v1/visits_GET_PLATINUM
2024-09-06 15:40:16, /api/v1/pets, GET, PLATINUM,215.0,/api/v1/pets_GET_PLATINUM
2024-09-06 15:40:36, /api/v1/visits, GET, PLATINUM,391.0,/api/v1/visits_GET_PLATINUM
2024-09-06 15:40:31, /api/v1/visits, GET, PLATINUM,130.0,/api/v1/visits_GET_PLATINUM
2024-09-06 15:40:21, /api/v1/pets/1246, DELETE, PLATINUM,84.0,/api/v1/pets/1246_DELETE_PLATINUM
2024-09-06 15:40:21, /api/v1/pets, POST, PLATINUM,49.0,/api/v1/pets_POST_PLATINUM
2024-09-06 15:40:11, /api/v1/pets, GET, PLATINUM,385.0,/api/v1/pets_GET_PLATINUM
2024-09-06 15:40:36, /api/v1/pets, GET, PLATINUM,479.0,/api/v1/pets_GET_PLATINUM
2024-09-06 15:40:31, /api/v1/visits, GET, PLATINUM,8.0,/api/v1/visits_GET_PLATINUM
2024-09-06 15:40:36, /api/v1/clinics, GET, null,323.0,/api/v1/clinics_GET_null
2024-09-06 15:40:26, /api/v1/auth/signup, POST, null,196.0,/api/v1/auth/signup_POST_null
2024-09-06 15:40:31, /api/v1/pets, GET, PLATINUM,104.0,/api/v1/pets_GET_PLATINUM
2024-09-06 15:40:26, /api/v1/pets, GET, PLATINUM,388.0,/api/v1/pets_GET_PLATINUM
2024-09-06 15:40:11, /api/v1/auth/signin, POST, null,258.0,/api/v1/auth/signin_POST_null
2024-09-06 15:40:21, /api/v1/pets, POST, PLATINUM,522.0,/api/v1/pets_POST_PLATINUM
2024-09-06 15:40:31, /api/v1/pets/1263, DELETE, PLATINUM,211.0,/api/v1/pets/1263_DELETE_PLATINUM
2024-09-06 15:40:21, /api/v1/visits, GET, PLATINUM,178.0,/api/v1/visits_GET_PLATINUM
2024-09-06 15:40:31, /api/v1/pets, GET, PLATINUM,248.0,/api/v1/pets_GET_PLATINUM
2024-09-06 15:40:11, /api/v1/auth/signup, POST, null,283.0,/api/v1/auth/signup_POST_null
2024-09-06 15:40:31, /api/v1/auth/signup, POST, null,329.0,/api/v1/auth/signup_POST_null
2024-09-06 15:40:36, /api/v1/pets, GET, PLATINUM,345.0,/api/v1/pets_GET_PLATINUM
2024-09-06 15:40:16, /api/v1/pets, POST, PLATINUM,4.0,/api/v1/pets_POST_PLATINUM
2024-09-06 15:40:11, /api/v1/visits, GET, PLATINUM,463.0,/api/v1/visits_GET_PLATINUM
2024-09-06 15:40:31, /api/v1/auth/signin, POST, null,289.0,/api/v1/auth/signin_POST_null
2024-09-06 15:40:21, /api/v1/pets, GET, PLATINUM,322.0,/api/v1/pets_GET_PLATINUM
2024-09-06 15:40:21, /api/v1/auth/signup, POST, null,286.0,/api/v1/auth/signup_POST_null
2024-09-06 15:40:16, /api/v1/auth/signup, POST, null,241.0,/api/v1/auth/signup_POST_null
2024-09-06 15:40:21, /api/v1/pets, GET, PLATINUM,51.0,/api/v1/pets_GET_PLATINUM
2024-09-06 15:40:16, /api/v1/pets/1238, DELETE, PLATINUM,307.0,/api/v1/pets/1238_DELETE_PLATINUM
2024-09-06 15:40:26, /api/v1/auth/signin, POST, null,170.0,/api/v1/auth/signin_POST_null
2024-09-06 15:40:36, /api/v1/auth/signup, POST, null,317.0,/api/v1/auth/signup_POST_null
2024-09-06 15:40:21, /api/v1/pets/types, GET, PLATINUM,520.0,/api/v1/pets/types_GET_PLATINUM
2024-09-06 15:40:26, /api/v1/pets/1255, DELETE, PLATINUM,199.0,/api/v1/pets/1255_DELETE_PLATINUM
2024-09-06 15:40:21, /api/v1/visits, GET, PLATINUM,520.0,/api/v1/visits_GET_PLATINUM
2024-09-06 15:40:16, /api/v1/clinics, GET, null,302.0,/api/v1/clinics_GET_null
2024-09-06 15:40:16, /api/v1/visits, GET, PLATINUM,38.0,/api/v1/visits_GET_PLATINUM
2024-09-06 15:40:16, /api/v1/auth/signin, POST, null,215.0,/api/v1/auth/signin_POST_null
2024-09-06 15:40:36, /api/v1/auth/signin, POST, null,278.0,/api/v1/auth/signin_POST_null
2024-09-06 15:40:16, /api/v1/pets, GET, PLATINUM,128.0,/api/v1/pets_GET_PLATINUM
2024-09-06 15:40:26, /api/v1/visits, GET, PLATINUM,326.0,/api/v1/visits_GET_PLATINUM
2024-09-06 15:40:36, /api/v1/visits, GET, PLATINUM,95.0,/api/v1/visits_GET_PLATINUM
2024-09-06 15:40:26, /api/v1/pets/types, GET, PLATINUM,444.0,/api/v1/pets/types_GET_PLATINUM
2024-09-06 15:40:11, /api/v1/pets/1230, DELETE, PLATINUM,85.0,/api/v1/pets/1230_DELETE_PLATINUM
2024-09-06 15:40:26, /api/v1/visits, GET, PLATINUM,467.0,/api/v1/visits_GET_PLATINUM
2024-09-06 15:40:21, /api/v1/clinics, GET, null,313.0,/api/v1/clinics_GET_null
2024-09-06 15:40:31, /api/v1/pets/types, GET, PLATINUM,405.0,/api/v1/pets/types_GET_PLATINUM
2024-09-06 15:40:21, /api/v1/auth/signin, POST, null,787.0,/api/v1/auth/signin_POST_null
2024-09-06 15:40:36, /api/v1/pets, POST, PLATINUM,202.0,/api/v1/pets_POST_PLATINUM
2024-09-06 15:40:11, /api/v1/auth/signin, POST, null,777.0,/api/v1/auth/signin_POST_null
2024-09-06 15:40:31, /api/v1/visits, GET, PLATINUM,486.0,/api/v1/visits_GET_PLATINUM
2024-09-06 15:40:36, /api/v1/pets, GET, PLATINUM,182.0,/api/v1/pets_GET_PLATINUM
2024-09-06 15:40:11, /api/v1/clinics, GET, null,315.0,/api/v1/clinics_GET_null
2024-09-06 15:40:11, /api/v1/pets/types, GET, PLATINUM,426.0,/api/v1/pets/types_GET_PLATINUM
2024-09-06 15:40:26, /api/v1/pets, GET, PLATINUM,111.0,/api/v1/pets_GET_PLATINUM
2024-09-06 15:40:36, /api/v1/auth/signin, POST, null,760.0,/api/v1/auth/signin_POST_null
2024-09-06 15:40:26, /api/v1/auth/signin, POST, null,759.0,/api/v1/auth/signin_POST_null
2024-09-06 15:40:16, /api/v1/pets/types, GET, PLATINUM,370.0,/api/v1/pets/types_GET_PLATINUM
2024-09-06 15:40:21, /api/v1/auth/signin, POST, null,262.0,/api/v1/auth/signin_POST_null
2024-09-06 15:40:11, /api/v1/visits, GET, PLATINUM,308.0,/api/v1/visits_GET_PLATINUM
